"Sample","Experiment","Condition","Cluster","Count","V1-A","V2-A","V3-A","V4-A","V5-A","V6-A","V7-A","V8-A","V9-A","V10-A","V11-A","V12-A","V13-A","V14-A","V15-A","V16-A","B1-A","B2-A","B3-A","B4-A","B5-A","B6-A","B7-A","B8-A","B9-A","B10-A","B11-A","B12-A","B13-A","B14-A","R1-A","R2-A","R3-A","R4-A","R5-A","R6-A","R7-A","R8-A"
"Unstained","Test","test","V7_10-B3_06-R7_00",4257,278.018707275391,251.428802490234,329.582946777344,343.684417724609,570.412475585938,553.183410644531,913.639038085938,532.075927734375,437.815399169922,431.654754638672,189.24462890625,142.977951049805,129.82341003418,133.831298828125,102.493354797363,63.1121711730957,308.953399658203,331.065002441406,450.489410400391,237.443664550781,239.156036376953,166.367141723633,135.177261352539,102.134414672852,94.9987640380859,68.0506896972656,44.6607704162598,38.8288345336914,49.8512382507324,59.0308685302734,35.8371238708496,43.0782737731934,33.3781280517578,46.9949989318848,37.521858215332,27.4763145446777,0,26.093692779541
"Unstained","Test","test","V7_10-B3_04-R7_00",4007,276.978881835938,250.894409179688,346.666595458984,352.315460205078,554.512451171875,522.005065917969,916.811828613281,503.983154296875,414.122772216797,413.294830322266,184.983840942383,144.401260375977,122.952713012695,130.292175292969,91.8523254394531,61.2233657836914,265.404113769531,293.008972167969,280.765625,210.732177734375,220.517578125,154.352142333984,119.843284606934,90.9282150268555,80.2524642944336,62.9077568054199,31.5910301208496,37.9385795593262,50.1251449584961,55.1229019165039,37.2004928588867,30.2764110565186,27.3970756530762,50.8949966430664,33.1900672912598,34.5051383972168,0,30.1554470062256
"Unstained","Test","test","V7_10-B3_06-R7_02",3958,301.641845703125,275.876983642578,366.049957275391,382.68635559082,629.97119140625,610.398986816406,999.855224609375,594.457458496094,479.227661132812,470.931854248047,216.022064208984,174.161361694336,147.719932556152,153.525863647461,119.72790145874,74.7706604003906,343.80029296875,370.354675292969,493.701263427734,277.695892333984,279.015365600586,204.992034912109,158.141021728516,120.447914123535,103.965103149414,80.3117408752441,47.1069793701172,45.0263824462891,58.1027126312256,65.0299377441406,42.6539688110352,44.9025402069092,40.4846439361572,58.3049964904785,41.1215171813965,43.0994758605957,94.7546463012695,33.4171600341797
"Unstained","Test","test","V7_10-B3_04-R7_02",3702,291.763671875,266.157821655273,361.253387451172,368.961059570312,599.231231689453,561.807189941406,964.047821044922,548.944580078125,443.124664306641,434.212020874023,196.553527832031,151.161972045898,141.830764770508,132.979286193848,112.416275024414,66.8572196960449,287.514907836914,310.990264892578,297.72314453125,232.930099487305,230.136222839355,174.47541809082,146.305572509766,102.435256958008,91.7012252807617,71.6283798217773,46.1634426116943,44.9579010009766,47.6257362365723,55.362865447998,42.7513523101807,43.2382984161377,42.9928283691406,55.5424976348877,45.3312835693359,37.9556541442871,89.6236343383789,36.8327236175537
"Unstained","Test","test","V7_10-B3_08-R7_00",2635,284.777465820312,231.856903076172,306.125793457031,332.392669677734,577.368713378906,555.040832519531,884.242004394531,527.534362792969,444.916534423828,444.834533691406,187.409210205078,142.39567565918,125.373817443848,132.454971313477,96.9443511962891,59.7253456115723,351.531585693359,372.410766601562,609.800659179688,258.457702636719,257.045959472656,185.237319946289,145.077362060547,104.089866638184,90.7008438110352,71.9265213012695,38.0909538269043,32.1861610412598,42.7981109619141,56.4255561828613,36.4214248657227,35.4611663818359,28.4260730743408,41.9899978637695,36.423656463623,33.8661575317383,0,28.9246120452881
"Unstained","Test","test","V7_10-B3_08-R7_02",2454,284.842437744141,250.69401550293,339.5703125,348.486663818359,638.119995117188,612.057403564453,968.256622314453,592.835479736328,492.567199707031,475.095626831055,201.043746948242,156.27294921875,133.913108825684,146.67700958252,103.79899597168,70.504566192627,398.55436706543,425.532196044922,666.474395751953,310.770767211914,291.066741943359,209.488441467285,160.709098815918,100.517417907715,100.630512237549,71.9265251159668,43.5075588226318,46.6699333190918,50.3305759429932,59.3736743927002,44.9587116241455,36.5493240356445,28.5225419998169,54.4374980926514,41.4570770263672,32.492338180542,88.1488571166992,30.0631341934204
"Unstained","Test","test","V7_10-B3_06-R7_04",2076,281.560546875,252.130180358887,344.071182250977,361.530578613281,575.149353027344,553.050720214844,898.422485351562,526.398956298828,438.81086730957,438.113494873047,198.815017700195,144.595336914062,138.068244934082,132.094505310059,104.843521118164,70.6673965454102,302.977523803711,338.653778076172,446.435958862305,242.69718170166,236.498748779297,173.222320556641,156.577850341797,98.8628082275391,92.66455078125,74.684326171875,37.7065505981445,47.5944271087646,46.4958648681641,56.596960067749,50.5095672607422,40.7419338226318,36.1757144927979,54.502498626709,45.2397689819336,33.1313247680664,254.000205993652,48.9872169494629
"Unstained","Test","test","V7_10-B3_02-R7_00",1953,262.876495361328,245.216552734375,325.443450927734,331.938415527344,516.617492675781,490.959411621094,872.651550292969,463.174011230469,382.864471435547,383.984527587891,156.797073364258,128.162582397461,119.419212341309,118.16739654541,92.9621200561523,50.9977607727051,232.08854675293,269.308074951172,105.463752746582,179.285140991211,191.773941040039,138.430435180664,117.237991333008,97.9979019165039,66.6918029785156,52.4728202819824,36.7630157470703,29.7893180847168,40.4698905944824,40.8622512817383,26.2286186218262,31.62060546875,23.2167701721191,45.4349975585938,34.5933227539062,26.5178394317627,0,21.9088554382324
"Unstained","Test","test","V7_10-B3_04-R7_04",1870,278.993515014648,257.741226196289,352.613006591797,356.144271850586,559.514343261719,530.396667480469,911.955505371094,508.167861938477,413.193664550781,423.261642456055,186.917587280273,145.404037475586,131.426574707031,124.19701385498,88.6861267089844,56.9572677612305,273.023376464844,290.91552734375,281.84407043457,210.73218536377,197.949333190918,165.482604980469,125.686573028564,101.984001159668,74.6948165893555,65.9637069702148,28.2711772918701,32.7682495117188,42.9350624084473,54.2316112518311,25.7092399597168,29.4442892074585,38.3623371124268,52.8449974060059,38.0709571838379,38.1792984008789,258.025131225586,27.2322149276733
"Unstained","Test","test","V7_10-B3_02-R7_02",1679,271.194976806641,251.094802856445,341.147247314453,345.696166992188,549.742492675781,504.956481933594,904.638610839844,497.300567626953,383.129943847656,388.574523925781,171.611511230469,137.025924682617,113.071998596191,123.476081848145,83.6267395019531,54.3845863342285,244.264419555664,276.336120605469,112.231880187988,184.168685913086,197.387939453125,141.600036621094,121.927513122559,79.1955413818359,76.7696685791016,57.6902885437012,30.9620056152344,29.0360260009766,42.6611557006836,55.191463470459,38.8884735107422,35.8452224731445,18.2647171020508,50.6999969482422,27.6380519866943,23.1312236785889,82.6491546630859,26.8937358856201
"Unstained","Test","test","V7_10-B3_08-R7_04",1320,267.783096313477,229.819549560547,299.358032226562,324.280792236328,572.101837158203,543.365539550781,871.971618652344,524.452606201172,437.085357666016,430.244964599609,180.034774780273,143.560211181641,133.6513671875,131.308029174805,84.1163597106934,64.2194023132324,331.848526000977,364.074310302734,601.991271972656,262.1943359375,258.206176757812,188.480628967285,135.586669921875,98.7499961853027,87.6997184753418,69.3177871704102,42.6688594818115,39.821813583374,52.3164100646973,55.3971462249756,30.5784149169922,40.9019565582275,38.6517429351807,41.5999984741211,46.4599914550781,33.2271728515625,250.12890625,23.0166072845459
"Unstained","Test","test","V7_10-B3_10-R7_00",1109,268.140533447266,211.884201049805,297.058319091797,322.658416748047,571.8037109375,557.495300292969,860.348815917969,536.94189453125,432.771575927734,444.506683349609,172.463668823242,147.959533691406,102.078887939453,112.989791870117,71.7453460693359,55.6872100830078,403.297729492188,400.971466064453,757.137512207031,285.465148925781,274.112487792969,190.323425292969,155.200775146484,107.399078369141,88.1813812255859,62.8332214355469,31.5211391448975,31.9122352600098,54.5076713562012,49.9808387756348,38.0444831848145,24.6435890197754,22.7665843963623,41.0149993896484,18.3033447265625,36.9971771240234,0,36.1249961853027
"Unstained","Test","test","V7_10-B3_10-R7_02",985,272.234771728516,224.843078613281,300.212219238281,335.053375244141,609.566223144531,608.508361816406,929.308776855469,588.910278320312,486.461547851562,456.57177734375,203.665771484375,142.977951049805,117.390724182129,133.569137573242,90.4813919067383,62.7865142822266,459.993957519531,464.821868896484,824.818786621094,321.647766113281,286.163848876953,218.333831787109,159.741424560547,110.708297729492,91.5159683227539,81.1688995361328,40.6769485473633,47.3205032348633,55.3293952941895,54.9172210693359,30.5784149169922,34.7570610046387,30.3554458618164,48.1649971008301,30.2615299224854,29.84055519104,81.2972717285156,28.3707370758057
"Unstained","Test","test","V7_10-B3_02-R7_04",926,271.90983581543,236.198791503906,325.246322631836,317.434341430664,525.693725585938,493.480194091797,858.179656982422,460.870788574219,388.406021118164,399.131469726562,164.237075805664,138.708015441895,105.285213470459,122.722381591797,70.472339630127,62.7865142822266,233.881309509277,250.803428649902,105.6496925354,170.331985473633,179.947143554688,125.678325653076,118.354545593262,61.6341361999512,74.843017578125,43.9758033752441,20.4083652496338,44.0676460266113,33.8961029052734,43.5704040527344,32.0716285705566,36.6773433685303,34.5035934448242,62.8874969482422,31.4207429885864,22.4283409118652,239.190948486328,18.954852104187
"Unstained","Test","test","V5_10-B3_06-R7_00",842,265.99592590332,224.742881774902,310.035308837891,322.236587524414,790.693695068359,481.24104309082,607.365966796875,464.276947021484,379.380279541016,381.591186523438,161.942802429199,126.642227172852,112.973846435547,111.941162109375,66.359546661377,59.4322566986084,245.75838470459,258.018371582031,385.634399414062,187.350379943848,192.896751403809,139.572959899902,112.436820983887,88.4839057922363,71.434326171875,61.9015331268311,41.8301582336426,32.220401763916,28.7945680618286,40.6908493041992,31.3574829101562,29.4122838973999,21.7697420120239,40.9499988555908,40.8164596557617,36.2303981781006,0,9.38511323928833
"Unstained","Test","test","V5_10-B3_04-R7_00",793,264.436218261719,253.766738891602,311.382293701172,325.189300537109,808.713684082031,491.954437255859,626.014343261719,449.354675292969,385.718200683594,386.738525390625,154.240600585938,125.251266479492,115.427665710449,116.594451904297,81.4724197387695,54.4497146606445,257.336669921875,265.121154785156,241.86750793457,184.834625244141,198.361038208008,128.553070068359,105.328102111816,73.7052536010742,63.2831077575684,55.6033020019531,11.1127738952637,37.8700981140137,39.7851219177246,51.6263008117676,44.471794128418,36.6133346557617,26.8182640075684,32.2399978637695,33.2510757446289,28.1152992248535,0,31.1401138305664
"Unstained","Test","test","V7_10-B3_06-R7_06",747,265.281066894531,237.868743896484,313.747711181641,308.316589355469,525.561218261719,501.705963134766,834.31884765625,479.328979492188,400.252319335938,399.52490234375,172.135925292969,130.685729980469,108.753280639648,118.232940673828,94.6594619750977,74.9009246826172,254.946319580078,302.504302978516,411.219390869141,214.357849121094,219.769058227539,150.813980102539,133.093032836914,88.4462966918945,82.4755249023438,64.3984603881836,35.8544235229492,43.0746688842773,56.2880744934082,61.0191345214844,35.4475898742676,39.3657341003418,41.2242393493652,49.9199981689453,35.3864669799805,26.5178394317627,394.811004638672,36.1249961853027
"Unstained","Test","test","V5_10-B3_06-R7_02",673,269.180328369141,238.202743530273,332.342590332031,337.9736328125,810.369934082031,509.998077392578,640.583312988281,472.516632080078,388.505584716797,396.902038574219,155.486068725586,126.415794372559,116.278327941895,98.7022171020508,75.4011611938477,62.9819068908691,268.541442871094,277.009002685547,400.286254882812,206.514587402344,195.217193603516,137.029907226562,128.403518676758,85.3627166748047,84.5503845214844,59.8518104553223,39.139331817627,39.9930152893066,49.4403762817383,52.7918357849121,33.4999198913574,41.6700706481934,25.4677047729492,42.8999977111816,24.7095165252686,27.0290260314941,78.9622039794922,53.4182205200195
"Unstained","Test","test","V5_10-B3_04-R7_02",632,280.715698242188,252.564376831055,343.282699584961,348.291961669922,829.814331054688,498.223281860352,652.400421142578,474.787414550781,381.371246337891,394.574279785156,169.448348999023,135.796699523926,125.144794464111,113.383029937744,91.8523216247559,72.2305450439453,259.540283203125,269.270690917969,254.102203369141,210.325218200684,202.028839111328,145.248756408691,121.145927429199,100.818252563477,81.3639945983887,75.3178787231445,42.3194007873535,28.3169727325439,46.9409675598145,49.3295135498047,47.7828330993652,23.0753612518311,27.8794174194336,46.832498550415,25.2586164474487,28.3708934783936,81.6966896057129,38.1251010894775
"Unstained","Test","test","V7_10-B3_04-R7_06",613,242.730209350586,229.385360717773,299.160919189453,328.888336181641,514.232482910156,473.645477294922,823.246398925781,481.989013671875,370.254974365234,400.836303710938,167.744033813477,134.567474365234,100.312141418457,139.074447631836,86.1074752807617,49.6951370239258,240.454788208008,274.616485595703,251.09001159668,197.413436889648,181.369354248047,146.759841918945,110.761993408203,85.3627166748047,67.7292251586914,42.7832374572754,47.386547088623,34.7199630737305,41.017707824707,56.0827522277832,29.3448905944824,29.1882514953613,24.5030174255371,50.2449989318848,27.6380519866943,12.8435802459717,393.704925537109,41.1714172363281
"Unstained","Test","test","V7_10-B3_00-R7_00",585,241.235488891602,226.847030639648,276.557922363281,293.260925292969,466.068725585938,443.926544189453,792.295349121094,409.648498535156,346.097808837891,343.199279785156,125.005027770996,116.387924194336,102.864112854004,104.535217285156,72.1370391845703,47.2852783203125,203.478973388672,223.700653076172,0,145.692306518555,166.548416137695,134.155166625977,102.276191711426,68.9670562744141,69.9522857666016,54.3362045288086,28.9351482391357,43.1431503295898,60.1912612915039,48.0611381530762,28.1762886047363,41.8620986938477,11.9621028900146,40.3649978637695,21.9640140533447,41.5978622436523,0,37.1712036132812
"Unstained","Test","test","V6_10-B3_06-R7_00",559,247.994247436523,218.898025512695,301.920562744141,301.307922363281,498.994964599609,768.31396484375,632.100952148438,461.681762695312,386.4482421875,383.787811279297,170.038299560547,119.62272644043,139.704116821289,99.8163909912109,70.1132888793945,47.6760673522949,272.649871826172,300.037017822266,381.320648193359,189.940139770508,208.690780639648,148.086654663086,102.127319335938,83.4824752807617,76.54736328125,61.3425178527832,38.0909538269043,41.2941589355469,48.8240814208984,36.9542846679688,17.3342609405518,31.6846160888672,36.1435585021973,45.629997253418,25.441650390625,43.0675277709961,0,13.7238054275513
"Unstained","Test","test","V8_10-B3_06-R7_00",540,263.103958129883,243.312805175781,330.699951171875,328.563873291016,531.490600585938,478.687072753906,640.583343505859,797.919250488281,400.517791748047,389.033508300781,175.052925109863,141.134117126465,119.975414276123,112.170551300049,95.2470092773438,49.6951351165771,264.582427978516,293.906188964844,395.005645751953,203.073905944824,230.061363220215,167.067398071289,143.104782104492,98.8252029418945,52.0937042236328,56.6467971801758,24.6717567443848,24.4135456085205,35.9504108428955,54.1287689208984,25.9689292907715,36.1012592315674,34.9859371185303,49.5949993133545,28.9497909545898,26.4219913482666,0,43.8792533874512
"Unstained","Test","test","V6_10-B3_04-R7_00",521,238.246047973633,220.233993530273,323.669372558594,320.581756591797,501.976226806641,776.208068847656,614.94189453125,448.576141357422,378.086151123047,388.377807617188,181.902969360352,124.345527648926,130.412322998047,105.71492767334,72.5940170288086,62.2003326416016,225.216278076172,257.420257568359,236.140640258789,197.413436889648,191.025421142578,148.012939453125,104.285987854004,79.1203308105469,74.4725112915039,54.9324836730957,27.9566650390625,31.9807167053223,38.9633979797363,44.1531715393066,21.9437465667725,18.6907234191895,20.3227138519287,31.9799995422363,36.1186027526855,31.3102188110352,0,37.4173698425293
"Unstained","Test","test","V5_10-B3_08-R7_00",502,266.060913085938,225.577857971191,303.168991088867,315.552398681641,762.968078613281,481.771728515625,603.221893310547,461.843978881836,398.16178894043,373.591506958008,163.876541137695,139.54906463623,104.729015350342,121.608215332031,79.8403625488281,49.923095703125,288.037796020508,313.121109008789,518.393768310547,215.467735290527,211.235786437988,161.170471191406,116.605278015137,86.3404350280762,66.1730842590332,53.7399215698242,27.8518266677856,26.6734237670898,50.8099136352539,56.1513137817383,24.5406398773193,48.5830764770508,35.2753410339355,37.4074993133545,41.518087387085,34.1536979675293,0,22.1242513656616
"Unstained","Test","test","V7_10-B3_10-R7_04",498,277.466293334961,217.595458984375,300.475036621094,290.567779541016,567.928070068359,555.007659912109,850.150482177734,528.475128173828,416.545135498047,442.965759277344,204.026298522949,140.260719299316,116.998111724854,120.297428131104,82.5169410705566,46.6014022827148,387.723068237305,425.943405151367,735.940673828125,285.058197021484,270.444686889648,202.559547424316,134.432891845703,110.069011688232,91.1084098815918,57.3548812866211,37.4968757629395,53.8604583740234,57.4521827697754,48.9867076873779,46.45192527771,33.9569454193115,25.6606407165527,35.2624988555908,34.4407958984375,30.5114889144897,242.78572845459,30.1554470062256
"Unstained","Test","test","V8_10-B3_04-R7_00",496,246.661994934082,232.825469970703,334.445205688477,328.726104736328,512.11247253418,490.229690551758,634.529113769531,808.040435791016,395.108978271484,388.640090942383,169.317253112793,122.825172424316,120.335308074951,104.600757598877,93.7455101013184,57.6411457061768,245.79573059082,276.896865844727,247.334075927734,199.892204284668,202.777366638184,158.443145751953,112.809001922607,95.7416152954102,81.8456611633301,57.8766269683838,45.6392555236816,21.6400566101074,38.0047206878662,59.9907207489014,44.3094882965088,33.2848472595215,18.2647171020508,37.5699996948242,43.0738716125488,34.6329364776611,0,49.7257175445557
"Unstained","Test","test","V8_10-B3_06-R7_02",476,265.735977172852,226.847030639648,344.36686706543,329.796859741211,556.400573730469,526.117950439453,688.661071777344,840.577453613281,434.364349365234,427.556549072266,179.903671264648,151.582496643066,136.857688903809,144.415901184082,102.885047912598,76.8222961425781,296.441375732422,351.850036621094,415.421569824219,236.074806213379,259.590957641602,154.204719543457,139.19686126709,101.758373260498,86.5881881713867,78.8210372924805,43.1581020355225,50.0597515106201,54.9185333251953,46.792760848999,42.4592018127441,36.805362701416,44.0539817810059,52.3249969482422,44.4466228485107,45.6554126739502,73.7082977294922,42.2176246643066
"Unstained","Test","test","V7_10-B3_08-R7_06",461,244.289932250977,227.181015014648,288.253662109375,287.550170898438,519.068725585938,501.705963134766,801.554748535156,487.179382324219,404.300628662109,409.229431152344,170.103851318359,131.656158447266,118.830299377441,130.882034301758,76.4456787109375,74.7055282592773,316.871459960938,335.775299072266,555.135009765625,220.425277709961,230.547912597656,159.290817260742,113.292839050293,98.0731048583984,75.8804473876953,50.3112983703613,29.9835224151611,44.9236602783203,48.0708351135254,45.181583404541,21.8788242340088,14.8501634597778,29.0048847198486,41.5349998474121,23.0622158050537,33.8661575317383,385.286376953125,25.9090671539307
"Unstained","Test","test","V5_10-B3_02-R7_00",457,258.912231445312,221.636764526367,306.52001953125,328.953216552734,766.843688964844,433.776977539062,603.934143066406,412.308563232422,350.477966308594,346.281127929688,136.935241699219,124.669006347656,96.8440780639648,100.99609375,77.3596343994141,47.0898857116699,207.886199951172,235.513732910156,89.8450012207031,174.4755859375,163.92854309082,129.142776489258,124.979423522949,67.7637023925781,82.1050186157227,74.2371139526367,27.9566650390625,15.7506742477417,35.2656402587891,41.6164207458496,22.6578922271729,22.6592998504639,15.5635967254639,18.7849998474121,17.2661552429199,30.0961494445801,0,36.8634948730469
"Unstained","Test","test","V7_10-B3_00-R7_02",435,227.977935791016,218.49723815918,307.571319580078,301.243011474609,482.564971923828,446.381011962891,813.404174804688,450.717163085938,353.066223144531,363.854187011719,130.445724487305,130.426940917969,106.332176208496,99.2920761108398,82.8433532714844,37.3202018737793,208.633178710938,235.887557983398,0,178.249237060547,189.67805480957,119.41283416748,102.425064086914,75.5102767944336,76.6955718994141,65.4419555664062,7.1988410949707,39.1712417602539,39.5796928405762,38.5311813354492,39.2130851745605,40.5179023742676,32.4777526855469,38.1549987792969,31.7257976531982,22.9395275115967,71.5883026123047,33.1709899902344
"Unstained","Test","test","V8_10-B3_04-R7_02",417,265.021118164062,238.002334594727,321.763885498047,352.120788574219,539.871215820312,506.150543212891,653.468811035156,853.812866210938,395.208526611328,399.852752685547,176.068954467773,130.426940917969,122.821846008301,130.685409545898,107.128402709961,65.7174224853516,244.712600708008,280.896850585938,262.915649414062,199.781219482422,213.93049621582,141.968597412109,126.691467285156,98.7499923706055,88.7741928100586,72.8209457397461,48.7843780517578,44.1018867492676,38.6894912719727,44.9758987426758,38.2392501831055,30.91650390625,53.3149642944336,39.5199966430664,28.4922065734863,36.9971771240234,81.9117660522461,23.0781478881836
"Unstained","Test","test","V5_10-B3_04-R7_04",395,260.601928710938,228.516983032227,324.917785644531,347.058959960938,803.413696289062,480.677185058594,625.107788085938,447.667816162109,362.490173339844,399.328186035156,163.089935302734,115.870361328125,109.603935241699,129.70231628418,106.606140136719,51.9095993041992,214.833160400391,275.812744140625,240.00813293457,170.627960205078,201.953979492188,152.951629638672,82.3271255493164,110.933921813965,70.4710006713867,46.8081436157227,22.9943561553955,37.3222503662109,45.9480514526367,34.8974609375,39.8623085021973,30.1483917236328,18.5219669342041,49.3999977111816,23.4892921447754,26.0066509246826,223.060546875,9.78513526916504
"Unstained","Test","test","V5_10-B3_08-R7_02",394,244.972305297852,232.79207611084,309.706787109375,327.201065063477,797.815582275391,499.682693481445,633.395965576172,500.739166259766,419.000671386719,433.490737915039,162.565536499023,126.965709686279,114.969619750977,127.637828826904,102.558631896973,67.2480049133301,282.061904907227,319.663146972656,552.085662841797,189.12621307373,222.688331604004,137.140480041504,135.288917541504,98.8252029418945,74.4354553222656,78.448356628418,37.3920383453369,54.1343822479248,65.4639892578125,31.1608943939209,56.1578102111816,37.3494396209717,13.3126635551453,54.7949981689453,25.5026607513428,31.533863067627,75.3059730529785,27.2629861831665
"Unstained","Test","test","V5_10-B3_06-R7_04",390,280.163299560547,238.469932556152,320.252639770508,347.67546081543,808.051208496094,508.47233581543,648.515350341797,475.501083374023,385.485931396484,430.638397216797,177.871597290039,146.309783935547,127.042415618896,125.802730560303,100.959217071533,59.2694282531738,269.251098632812,271.887512207031,403.447204589844,225.160820007324,204.648704528809,159.364540100098,132.162574768066,98.5995750427246,72.2864990234375,81.2061614990234,32.5345697402954,25.7146873474121,44.1334095001221,28.6584243774414,31.2925605773926,36.0052452087402,38.5231170654297,44.4924983978271,34.9898948669434,49.1698246002197,229.604881286621,23.8474197387695
"Unstained","Test","test","V7_10-B3_02-R7_06",389,223.298797607422,226.980621337891,279.251892089844,296.9599609375,485.148712158203,483.065307617188,801.684265136719,429.696228027344,374.104187011719,374.804565429688,164.073196411133,145.565780639648,120.531616210938,108.53311920166,85.1935195922852,58.0319328308105,226.560852050781,249.046417236328,107.471878051758,197.117462158203,183.7646484375,132.902069091797,95.2791290283203,72.2762680053711,62.6161880493164,74.8333969116211,30.8921146392822,16.7778911590576,17.7355365753174,42.5077095031738,40.0570755004883,40.0698356628418,23.795581817627,27.689998626709,59.8519401550293,21.9810523986816,386.023773193359,24.5551490783691
"Unstained","Test","test","V6_10-B3_04-R7_02",387,274.574340820312,244.748962402344,322.486663818359,307.083587646484,509.197479248047,798.828979492188,638.381774902344,487.438903808594,402.243286132812,381.230560302734,178.03547668457,148.088912963867,108.556976318359,114.628273010254,91.6564712524414,53.8635368347168,219.688568115234,262.205291748047,237.628143310547,202.370971679688,217.59831237793,137.840744018555,126.244850158691,102.28483581543,78.6222229003906,38.9819412231445,29.3544979095459,16.1615619659424,55.6033020019531,51.8319816589355,43.7576484680176,40.3258743286133,39.0376167297363,64.0249938964844,44.1720733642578,13.8659543991089,77.6103210449219,11.3852195739746
"Unstained","Test","test","V8_10-B3_08-R7_00",384,252.868347167969,220.334190368652,276.722198486328,302.962738037109,511.979965209961,489.101959228516,629.510864257812,773.297485351562,401.811920166016,403.032943725586,166.596893310547,138.158096313477,104.238250732422,112.563785552979,95.8671913146973,60.1161327362061,311.978698730469,307.737945556641,532.450653076172,181.430938720703,203.114204406738,151.071975708008,121.853076934814,83.1440353393555,92.590446472168,61.3425178527832,29.6690101623535,38.5206718444824,30.9515933990479,61.2590961456299,27.1699924468994,24.8676223754883,35.0180931091309,37.3099975585938,26.0822668075562,29.5210647583008,0,48.7410507202148
"Unstained","Test","test","V6_10-B3_08-R7_00",380,244.67985534668,213.320365905762,297.025451660156,306.8564453125,519.896850585938,759.955535888672,602.736267089844,473.976409912109,389.866073608398,404.934509277344,167.252403259277,127.64501953125,123.934242248535,100.209621429443,88.1312255859375,25.0755271911621,276.272750854492,269.719299316406,511.514083862305,209.363311767578,224.896492004395,181.109466552734,134.879524230957,77.2400932312012,72.9904708862305,42.3360252380371,28.236231803894,33.5557842254639,22.1523017883301,52.3461894989014,19.6065425872803,32.6767597198486,29.6480093002319,47.254997253418,29.4683856964111,35.7511596679688,0,35.8788261413574
"Unstained","Test","test","V6_10-B3_06-R7_02",374,278.116195678711,223.006126403809,295.777038574219,344.365814208984,541.129974365234,821.483001708984,651.040618896484,510.665725708008,391.425674438477,410.475280761719,190.490097045898,137.284706115723,110.91263961792,108.598655700684,76.4783210754395,43.3122749328613,270.072784423828,305.457580566406,397.162521362305,197.265449523926,215.128150939941,156.60034942627,118.019580841064,80.6997299194336,84.031665802002,90.7839431762695,27.502368927002,14.9288997650146,20.5773305892944,42.2334671020508,34.0842208862305,42.3741722106934,23.6669569015503,44.6874980926514,31.8783264160156,37.8278579711914,74.6300354003906,37.663537979126
"Unstained","Test","test","V5_10-B3_02-R7_02",349,256.117736816406,256.705871582031,341.212951660156,323.826507568359,811.098693847656,477.559356689453,606.977478027344,428.917694091797,373.374176025391,370.870300292969,139.557266235352,117.034889221191,100.115837097168,140.254150390625,69.0687713623047,38.8182182312012,206.691024780273,252.709976196289,93.4150009155273,154.571472167969,205.546936035156,139.757247924805,109.719871520996,68.4405899047852,82.4014205932617,50.6839752197266,36.4135551452637,30.4741306304932,50.8783912658691,21.1852951049805,35.7722015380859,24.4515609741211,16.1424083709717,53.2349967956543,18.669412612915,40.8310813903809,74.8451080322266,25.6013584136963
"Unstained","Test","test","V8_10-B3_06-R7_04",330,281.398071289062,254.701919555664,335.233673095703,395.762725830078,538.711853027344,534.774932861328,670.951629638672,828.217926025391,412.729095458984,425.195983886719,189.867362976074,176.619819641113,117.063545227051,152.70662689209,139.50846862793,97.7945556640625,279.59684753418,318.579055786133,408.950942993164,238.405578613281,244.919731140137,147.607536315918,136.666000366211,109.279312133789,84.1057662963867,82.6596031188965,50.7762928009033,22.6672744750977,66.4911422729492,48.9524269104004,58.1379413604736,45.3506050109863,45.5653228759766,41.4374980926514,47.3141460418701,41.6617622375488,229.78923034668,33.5094699859619
"Unstained","Test","test","V6_10-B3_08-R7_02",303,238.181060791016,220.634780883789,293.970123291016,297.868469238281,513.503723144531,786.888305664062,622.971008300781,478.874816894531,394.013946533203,413.163696289062,171.742614746094,136.314270019531,106.201309204102,88.2159271240234,91.264778137207,45.591869354248,330.914794921875,340.336029052734,537.508178710938,231.30224609375,235.188812255859,167.104263305664,120.14102935791,70.8472900390625,95.1469650268555,53.8889923095703,0,9.92977237701416,52.5903167724609,67.9437789916992,45.7053184509277,36.9333801269531,17.8145294189453,25.4799995422363,31.7257976531982,8.11509799957275,74.2306137084961,15.8162240982056
"Unstained","Test","test","V5_10-B3_08-R7_04",295,241.625427246094,228.717376708984,311.316589355469,344.333374023438,770.222473144531,494.209899902344,611.76904296875,479.004577636719,391.691131591797,383.394378662109,161.71337890625,129.779983520508,117.063545227051,114.169502258301,102.036376953125,78.8739318847656,287.216094970703,292.635162353516,516.757507324219,235.88981628418,210.562103271484,165.114044189453,108.231140136719,79.270751953125,89.2188110351562,57.466682434082,24.3222980499268,10.8200283050537,31.8417930603027,31.6065406799316,29.4098129272461,32.5807456970215,21.9305229187012,43.875,27.1499614715576,22.1088485717773,218.328948974609,32.0632400512695
"Unstained","Test","test","V7_10-B3_00-R7_04",284,251.308631896973,207.007934570312,307.505615234375,318.213104248047,472.693725585938,448.769134521484,806.702453613281,423.305618286133,327.050811767578,347.461410522461,147.259468078613,108.786159515381,114.184398651123,105.190612792969,89.9917755126953,40.8047218322754,215.206657409668,247.13988494873,0,155.200401306152,191.175117492676,114.031883239746,111.506359100342,52.909839630127,46.4249019622803,55.1560897827148,30.7872762680054,42.0132102966309,14.9622187614441,34.0061683654785,18.275634765625,49.5432167053223,31.7381620407104,26.8449993133545,11.1040291786194,13.8659543991089,223.982276916504,38.9559135437012
"Unstained","Test","test","V8_10-B3_08-R7_02",275,280.228302001953,241.20866394043,310.265289306641,327.006378173828,550.868713378906,501.241607666016,685.585388183594,836.360290527344,429.254180908203,409.622833251953,195.275283813477,143.818984985352,113.20287322998,123.345008850098,110.98006439209,51.4536781311035,319.037719726562,345.569671630859,576.257507324219,261.861389160156,249.635482788086,184.942474365234,147.682647705078,93.7109603881836,82.4014205932617,66.1873092651367,38.0909538269043,47.0465774536133,27.6646976470947,90.7059707641602,48.626823425293,60.0407447814941,53.5079040527344,50.504997253418,30.6886081695557,9.58476066589355,82.4648056030273,42.0330009460449
"Unstained","Test","test","V6_10-B3_02-R7_00",273,245.719665527344,239.004318237305,283.32568359375,295.856719970703,461.828735351562,764.930786132812,590.465942382812,428.204010009766,362.755615234375,353.493957519531,155.617172241211,110.306510925293,124.130546569824,132.586044311523,85.5852127075195,45.7872619628906,223.199401855469,232.298782348633,87.8368759155273,146.876190185547,200.68147277832,127.226264953613,120.289901733398,70.6968688964844,67.0623092651367,30.1122436523438,35.5748558044434,20.2704334259033,22.5289249420166,51.4891777038574,20.255765914917,33.0288124084473,13.0554141998291,42.5749969482422,39.6572494506836,21.7254581451416,0,26.4014015197754
"Unstained","Test","test","V6_10-B3_06-R7_04",269,246.174575805664,230.520935058594,308.951141357422,323.502044677734,492.767486572266,797.767578125,625.949584960938,450.717163085938,379.015258789062,393.492340087891,140.802734375,126.803970336914,106.135871887207,103.027816772461,80.0362091064453,34.9754753112793,242.396942138672,293.457580566406,381.766906738281,190.088119506836,190.276885986328,167.546524047852,107.56120300293,98.8252029418945,70.5451049804688,56.0505142211914,3.98382472991943,66.289794921875,16.0920886993408,77.4737319946289,38.1094055175781,40.837947845459,43.5394821166992,55.8999977111816,4.57583618164062,30.4795398712158,226.071548461914,2.15396046638489
"Unstained","Test","test","V8_10-B3_02-R7_00",266,228.79029083252,204.836990356445,310.068161010742,299.458404541016,489.620590209961,446.646362304688,605.811950683594,785.332611083984,362.88835144043,349.19905090332,163.974868774414,120.496116638184,108.39338684082,83.7264862060547,114.505310058594,41.2932052612305,215.430755615234,248.560440063477,88.6921920776367,185.278579711914,196.527122497559,147.460113525391,118.801166534424,77.4281158447266,78.992733001709,68.4979019165039,28.6206359863281,24.0368986129761,0,41.2736167907715,28.1762886047363,23.3634033203125,23.3132390975952,57.8499965667725,29.6209135055542,23.8021564483643,0,26.8937358856201
"Unstained","Test","test","V6_10-B3_04-R7_04",263,251.763549804688,264.187286376953,300.803558349609,336.221466064453,522.248718261719,774.483337402344,612.805053710938,441.569152832031,377.887054443359,400.442901611328,148.734344482422,140.842971801758,112.810256958008,115.611366271973,118.095840454102,34.7149505615234,232.686126708984,237.08381652832,232.645004272461,197.117462158203,193.34587097168,152.435638427734,122.895195007324,89.2736053466797,86.5511322021484,55.8269081115723,22.8545742034912,22.8042373657227,62.9988174438477,37.2285270690918,18.8274745941162,30.0203723907471,8.8107967376709,31.4599990844727,28.0041179656982,41.3422698974609,226.808944702148,6.27725648880005
"Unstained","Test","test","V8_10-B3_04-R7_04",259,236.621337890625,233.660446166992,326.231903076172,322.333923339844,498.994964599609,509.732727050781,642.396362304688,832.597290039062,387.974639892578,375.460296630859,186.229309082031,132.044342041016,123.672500610352,122.558532714844,94.8553085327148,60.5720520019531,248.671630859375,279.551055908203,247.668762207031,178.915176391602,217.298889160156,138.061874389648,125.94709777832,86.5660629272461,114.191177368164,50.1622276306152,34.9458312988281,3.56102204322815,36.635181427002,60.7448883056641,39.3429298400879,31.3645687103271,39.4234924316406,45.1749992370605,32.6409645080566,58.1475486755371,221.155624389648,54.1567230224609
"Unstained","Test","test","V7_10-B3_04-R7_08",236,277.856231689453,258.175430297852,323.012313842773,297.998275756836,493.032470703125,435.236404418945,781.837982177734,438.487380981445,374.004638671875,374.93571472168,166.957420349121,144.207160949707,125.733707427979,139.729835510254,67.5672721862793,44.7125968933105,213.189796447754,234.803443908691,233.797828674316,214.986778259277,179.273460388184,115.43240737915,111.171394348145,85.2875022888184,60.2819766998291,82.9577445983887,14.851978302002,37.3222484588623,64.4368324279785,27.5957317352295,6.39484882354736,20.130931854248,9.00373363494873,37.3749980926514,36.7287139892578,36.8693809509277,526.742401123047,34.9557018280029
"Unstained","Test","test","V5_10-B3_10-R7_00",233,284.907440185547,198.992141723633,307.308502197266,280.801055908203,727.68994140625,449.233489990234,594.415771484375,453.182586669922,415.914672851562,382.673095703125,138.836212158203,101.766654968262,105.219779968262,128.457077026367,88.784049987793,55.9477348327637,320.979858398438,332.560333251953,628.245666503906,240.551376342773,200.007797241211,147.791809082031,119.173347473145,98.2987365722656,103.298187255859,58.957389831543,24.4620819091797,27.0500717163086,34.3754425048828,62.2532272338867,34.6685218811035,45.8306770324707,33.0565643310547,3.96499991416931,0,30.9907264709473,0,8.18505001068115
"Unstained","Test","test","V7_10-B3_06-R7_08",231,241.885375976562,229.986541748047,321.960998535156,292.806671142578,502.704986572266,492.087127685547,777.273071289062,449.873718261719,384.258148193359,398.147888183594,155.420516967773,125.121871948242,121.185966491699,116.004600524902,95.0511627197266,49.0438232421875,274.741455078125,249.121185302734,377.67626953125,205.552673339844,197.088531494141,143.442825317383,121.332015991211,84.3097839355469,64.9133529663086,55.8269081115723,21.4567394256592,33.1448974609375,51.220775604248,39.902400970459,31.8768615722656,40.6459197998047,28.0401992797852,44.6549987792969,23.6113147735596,50.0963516235352,532.272827148438,13.7853469848633
"Unstained","Test","test","V5_10-B3_02-R7_04",207,281.658020019531,223.974700927734,346.469451904297,322.658416748047,781.94873046875,477.227661132812,631.000183105469,468.429229736328,371.449554443359,359.264221191406,140.212768554688,124.604309082031,108.949584960938,103.289970397949,92.4398651123047,53.081958770752,211.994613647461,250.616516113281,96.9850082397461,184.390655517578,178.150665283203,150.813980102539,137.3359375,67.2372360229492,67.1364135742188,50.6839752197266,12.5804986953735,34.0351524353027,39.7166442871094,14.0549688339233,30.6433372497559,46.4067611694336,39.3591804504395,53.4299964904785,30.0174865722656,31.374116897583,223.183441162109,0
"Unstained","Test","test","V6_10-B3_02-R7_02",205,249.164031982422,212.28498840332,293.115936279297,341.997131347656,495.086212158203,770.702087402344,612.157592773438,461.941284179688,388.372833251953,334.216033935547,161.910018920898,115.8056640625,107.248268127441,100.340705871582,61.6265754699707,89.6205825805664,234.702987670898,244.709976196289,97.2825012207031,174.993545532227,182.117889404297,102.016891479492,92.3016586303711,90.2513275146484,65.4320678710938,43.0068435668945,4.8225245475769,43.6910018920898,37.6623344421387,64.9271011352539,51.937858581543,26.1798133850098,34.7929992675781,75.3999938964844,25.8687286376953,9.20137023925781,77.18017578125,21.1088123321533
"Unstained","Test","test","V7_10-B3_10-R7_06",198,250.593765258789,207.809509277344,296.105575561523,298.744567871094,546.893707275391,507.510452270508,779.506958007812,481.113143920898,404.499740600586,386.968017578125,149.357086181641,88.8598213195801,116.441913604736,95.0647888183594,83.5941009521484,56.8921375274658,306.30158996582,344.036972045898,679.638793945312,246.137855529785,233.429763793945,161.317893981934,135.549453735352,90.4393501281738,106.039962768555,43.3049850463867,20.2685823440552,30.8850173950195,41.7709560394287,48.8495864868164,7.66083431243896,37.9575290679932,25.3390789031982,39.2599983215332,42.2807273864746,13.9618015289307,374.102645874023,42.7407302856445
"Unstained","Test","test","V8_10-B3_02-R7_02",198,231.422302246094,195.719017028809,313.74772644043,361.563003540039,551.034362792969,487.111846923828,651.040649414062,832.435089111328,381.10578918457,378.247055053711,185.67212677002,131.623809814453,125.995452880859,118.462326049805,94.920597076416,55.3615531921387,272.948684692383,241.644561767578,100.517818450928,193.454803466797,203.001930236816,173.996292114258,111.245826721191,59.8291091918945,59.0963439941406,84.7838592529297,32.9539184570312,44.6497383117676,47.5914974212646,74.4913368225098,14.3153729438782,38.6296272277832,41.3528614044189,33.6049995422363,44.2330837249756,19.9682521820068,78.2555389404297,67.6035919189453
"Unstained","Test","test","V8_10-B3_08-R7_04",195,267.360656738281,235.464004516602,327.283203125,332.652252197266,505.619964599609,490.4287109375,649.324768066406,800.417114257812,390.164703369141,412.180114746094,150.831970214844,166.009689331055,133.356903076172,137.042724609375,90.8730850219727,51.9095993041992,333.902740478516,311.775329589844,541.078125,236.259780883789,255.698593139648,182.362564086914,171.427993774414,115.521697998047,96.9254150390625,23.6276760101318,56.4724617004395,32.1176795959473,64.7107391357422,30.9894924163818,56.5473442077637,51.9115600585938,19.4223403930664,80.1449966430664,51.3713874816895,78.2755508422852,226.255905151367,6.15417289733887
"Unstained","Test","test","V6_10-B3_08-R7_04",192,224.728538513184,204.502990722656,283.424255371094,298.809463500977,486.771850585938,769.309020996094,615.524627685547,469.953903198242,378.683441162109,335.756973266602,170.366058349609,133.176513671875,126.747955322266,96.2772636413574,96.5200157165527,42.8563556671143,242.284896850586,342.504257202148,508.576278686523,228.971473693848,226.954956054688,164.450637817383,88.0587577819824,70.9225006103516,67.3587188720703,42.5968990325928,27.2926940917969,31.0219802856445,27.9386053085327,21.3909769058228,40.1869201660156,17.3465261459351,19.9046831130981,30.9724988937378,53.9033527374268,4.02559965848923,207.513900756836,42.402250289917
"Unstained","Test","test","V5_10-B3_00-R7_00",188,247.279373168945,194.082466125488,270.480102539062,280.476593017578,705.463073730469,394.936721801758,543.327056884766,395.018203735352,315.669082641602,323.495162963867,123.071285247803,96.6233329772949,79.2092895507812,87.8554611206055,81.2765731811523,66.6618270874023,206.803062438965,226.242713928223,0,97.9297904968262,187.395034790039,106.734432220459,97.623893737793,104.390701293945,83.438850402832,68.0879554748535,0,23.386326789856,43.3116874694824,20.8767700195312,32.6234683990479,19.3308153152466,6.59201908111572,57.9799976348877,32.6714715957642,0,0,12.3083453178406
"Unstained","Test","test","V5_10-B3_10-R7_02",185,288.611755371094,225.84504699707,311.776519775391,338.363006591797,764.988708496094,510.860473632812,640.000549316406,463.303771972656,413.658233642578,407.065582275391,171.087112426758,146.600921630859,115.493103027344,144.7763671875,72.6593017578125,77.5061721801758,326.656951904297,329.270629882812,681.646911621094,214.579818725586,259.291564941406,180.81462097168,146.640533447266,76.8640441894531,74.1761016845703,77.0694580078125,27.0480728149414,40.9517517089844,69.7780380249023,32.0179061889648,43.8225708007812,35.9092292785645,41.0956115722656,63.7649993896484,0,29.7127590179443,70.2978668212891,34.2787437438965
"Unstained","Test","test","V6_10-B3_10-R7_00",180,254.233093261719,238.035743713379,267.851852416992,303.352111816406,491.939346313477,729.739074707031,597.97705078125,452.598663330078,375.497863769531,403.295227050781,159.255226135254,113.994178771973,119.844543457031,135.83024597168,66.7186012268066,39.0136127471924,304.32209777832,309.980941772461,664.354736328125,228.157539367676,210.786659240723,190.249710083008,138.899108886719,93.1844940185547,102.29780960083,38.944673538208,63.566463470459,28.9675436019897,56.9043655395508,26.2245149612427,63.8511085510254,32.7087650299072,0,51.6424980163574,34.5323123931885,59.0740756988525,0,34.9864730834961
"Unstained","Test","test","V7_10-B3_08-R7_08",166,276.19905090332,250.961212158203,291.374694824219,303.936172485352,464.048095703125,475.834579467773,727.932678222656,449.419555664062,367.533966064453,392.049789428711,180.395294189453,119.008110046387,130.575912475586,117.806934356689,97.8583030700684,66.3036003112793,279.746246337891,276.037048339844,506.605346679688,203.628852844238,164.003410339355,112.115383148193,119.247787475586,58.1745014190674,93.0721130371094,52.1374130249023,20.1986894607544,26.331018447876,40.1617450714111,78.296459197998,40.4466094970703,16.3543825149536,52.9290924072266,36.3349990844727,5.42999243736267,33.5786123275757,503.729690551758,69.2036743164062
"Unstained","Test","test","V5_10-B3_06-R7_06",165,233.30696105957,218.898025512695,307.899841308594,322.204132080078,774.727478027344,463.429595947266,562.558166503906,426.322509765625,388.439208984375,380.574829101562,172.201477050781,116.452621459961,89.5153350830078,143.531112670898,90.6772384643555,26.1176261901855,219.09098815918,262.952941894531,381.766906738281,195.267639160156,263.408477783203,145.138198852539,130.264434814453,80.0228424072266,76.4732666015625,36.8949508666992,13.8385486602783,7.0535626411438,34.1015319824219,64.7214202880859,24.5406398773193,28.1641025543213,0,74.3600006103516,42.341739654541,20.0002021789551,368.264953613281,0
"Unstained","Test","test","V8_10-B3_02-R7_04",150,238.668464660645,238.770523071289,304.088882446289,313.086364746094,486.606231689453,442.433944702148,604.419799804688,770.669891357422,348.254699707031,347.69091796875,138.180702209473,164.974555969238,124.425006866455,125.70442199707,82.5169372558594,58.7158126831055,241.724662780762,248.59782409668,93.1546897888184,172.84774017334,167.109809875488,128.774215698242,110.687549591064,85.7011566162109,71.9530410766602,64.0257873535156,50.5666179656982,14.8261775970459,0,39.0453872680664,0,31.0445222854614,27.1076698303223,87.1974983215332,20.3472185134888,32.3645429611206,220.203155517578,42.525333404541
"Unstained","Test","test","V6_10-B3_02-R7_04",149,255.272903442383,217.762451171875,331.2255859375,302.995178222656,492.171234130859,753.786193847656,581.595031738281,448.965423583984,349.283355712891,358.411804199219,131.822296142578,140.325408935547,135.974319458008,91.2307357788086,78.0777359008789,67.7364883422852,250.76318359375,266.616485595703,92.0762557983398,176.547393798828,150.829238891602,130.838134765625,107.337898254395,73.7052536010742,99.0002746582031,55.454231262207,25.3706722259521,16.8463726043701,56.0826416015625,0,52.4572372436523,50.5673675537109,48.8130989074707,72.6699981689453,42.524772644043,10.6710338592529,213.535919189453,43.6330871582031
"Unstained","Test","test","V5_10-B3_04-R7_06",147,247.344360351562,234.462036132812,290.816192626953,320.581756591797,751.208679199219,439.946319580078,581.724487304688,439.038879394531,400.318695068359,347.985992431641,162.041122436523,116.517318725586,89.9079437255859,110.106063842773,94.2677688598633,12.9611167907715,236.34635925293,232.074478149414,223.348129272461,138.958938598633,196.040588378906,128.331939697266,135.102828979492,76.4879989624023,53.8721542358398,87.6534652709961,13.4890909194946,36.7059173583984,39.1003532409668,41.3421783447266,27.0726089477539,46.2147331237793,34.1498756408691,44.0699996948242,45.148250579834,59.9367065429688,364.639465332031,34.8941612243652
"Unstained","Test","test","V8_10-B3_10-R7_00",147,226.418228149414,194.249450683594,324.326446533203,332.197998046875,525.296203613281,510.794128417969,627.309326171875,764.798278808594,396.668579101562,399.000335693359,204.517929077148,109.918334960938,115.23136138916,85.7254333496094,57.4485015869141,70.4720001220703,326.283477783203,357.45751953125,683.580627441406,272.294403076172,232.26953125,178.529556274414,116.270317077637,60.6188087463379,65.8766784667969,56.0505142211914,29.9835224151611,39.3082046508789,48.7556076049805,31.0580539703369,12.8546199798584,32.4527282714844,16.2067203521729,61.814998626709,20.8658142089844,49.201774597168,0,32.4940338134766
"Unstained","Test","test","V8_10-B3_10-R7_02",144,250.658752441406,210.748634338379,311.645111083984,307.959671020508,530.894348144531,546.118530273438,661.983581542969,803.044708251953,441.498687744141,462.30924987793,184.295562744141,122.275253295898,110.683616638184,128.817535400391,77.065860748291,41.7816905975342,347.423187255859,351.401443481445,726.792541503906,271.221496582031,283.207153320312,165.114044189453,171.911842346191,106.233333587646,59.5409564971924,72.224666595459,39.2092227935791,53.9974193572998,47.3860664367676,39.148229598999,66.3830795288086,49.5432167053223,31.5773811340332,13.0974998474121,35.9660720825195,33.57861328125,83.3558197021484,27.4783821105957
"Unstained","Test","test","V5_10-B3_00-R7_02",136,209.456352233887,250.593818664551,294.69287109375,291.508758544922,748.790588378906,421.073471069336,559.935760498047,360.826766967773,348.188339233398,372.640731811523,154.109497070312,113.800090789795,134.142127990723,119.6748046875,50.6917762756348,57.5434494018555,213.936782836914,193.981071472168,0,106.549980163574,158.015144348145,97.7784729003906,79.5357437133789,39.9738178253174,103.14998626709,21.0934782028198,13.8734946250916,25.1668376922607,26.8087358474731,56.8712024688721,13.7959938049316,5.2487645149231,18.0717802047729,32.8899993896484,17.0221109390259,33.9620037078857,57.7315082550049,4.52331697940826
"Unstained","Test","test","V6_10-B3_10-R7_02",135,283.022796630859,239.338302612305,307.505615234375,307.927215576172,534.571228027344,749.076293945312,637.022033691406,468.494110107422,390.031982421875,395.721771240234,187.474761962891,166.009689331055,98.1527786254883,117.053230285645,93.7455139160156,76.268684387207,315.6015625,368.971496582031,658.739379882812,251.132385253906,203.975021362305,172.116653442383,128.626831054688,74.1565093994141,64.2464370727539,98.5356140136719,40.4672737121582,2.39684176445007,39.7851219177246,29.2754726409912,24.410795211792,70.9223327636719,0,53.754997253418,39.9012908935547,49.3934669494629,80.3140869140625,22.2165641784668
"Unstained","Test","test","V7_10-B3_00-R7_06",129,229.797607421875,226.112243652344,267.359039306641,267.497589111328,434.533721923828,424.55615234375,751.048828125,373.251159667969,360.831024169922,329.494934082031,125.201683044434,138.966796875,96.1897201538086,89.3300933837891,66.2616271972656,56.4687843322754,209.454864501953,223.924957275391,0,145.544311523438,172.910934448242,123.393264770508,116.940246582031,72.3514785766602,61.8010673522949,51.354793548584,55.913330078125,34.7199630737305,76.831169128418,36.8171615600586,34.4737548828125,26.7558975219727,18.9078407287598,59.4099960327148,11.5921182632446,16.2940940856934,356.835418701172,14.8315563201904
"Unstained","Test","test","V6_10-B3_00-R7_00",126,233.404434204102,230.82152557373,302.709045410156,307.862319946289,475.443099975586,707.350372314453,570.490173339844,416.201309204102,336.408386230469,316.511840820312,166.826324462891,113.897132873535,75.3813323974609,114.169498443604,85.9769058227539,54.6451091766357,201.051277160645,213.308151245117,0,151.833724975586,194.655792236328,120.997631072998,68.481876373291,105.518844604492,110.078517913818,39.6527576446533,59.0584526062012,40.9517517089844,16.6399049758911,62.0818271636963,37.5900268554688,23.2033796310425,18.9399967193604,9.52249956130981,73.5184364318848,32.2367467880249,0,30.7400941848755
"Unstained","Test","test","V8_10-B3_00-R7_00",123,296.280334472656,204.002014160156,310.133880615234,297.154632568359,458.118713378906,381.105499267578,538.276489257812,721.264221191406,340.124877929688,334.740600585938,199.273880004883,125.445350646973,86.9633636474609,102.700119018555,63.7156105041504,28.5274829864502,228.503005981445,261.980987548828,0,137.18310546875,143.867889404297,104.375663757324,66.8442687988281,87.1677398681641,55.6506004333496,67.3798751831055,19.1503143310547,0,35.6765022277832,67.6695327758789,16.1656589508057,21.7631702423096,16.6569080352783,64.8050003051758,5.49100351333618,25.6871604919434,0,41.8483772277832
"Unstained","Test","test","V6_10-B3_06-R7_06",118,215.597717285156,231.856903076172,273.69970703125,324.18342590332,476.569351196289,702.540954589844,533.970520019531,422.332427978516,341.352645874023,374.575073242188,164.892578125,148.347702026367,125.177509307861,116.233989715576,71.3536529541016,24.0334272384644,223.050010681152,299.289352416992,341.26969909668,160.527900695801,185.186866760254,140.42064666748,150.064636230469,71.2609405517578,87.5515098571777,74.9452018737793,2.27147896587849,31.1931829452515,23.3164091110229,6.71896076202393,3.4084221124649,8.86529135704041,35.9184646606445,41.4049987792969,44.965217590332,47.6043148040771,345.006454467773,29.4784879684448
"Unstained","Test","test","V8_10-B3_06-R7_06",116,248.319183349609,192.713088989258,320.97541809082,319.446090698242,485.645584106445,447.973098754883,587.940643310547,735.440399169922,372.975967407227,397.787261962891,159.419105529785,98.7259483337402,97.5311431884766,110.958072662354,63.1607112884521,63.4052619934082,265.142669677734,281.756652832031,351.942520141602,241.291313171387,215.315284729004,175.249389648438,150.511253356934,118.830913543701,37.1621532440186,89.6286506652832,39.8382453918457,62.4206066131592,60.3282146453857,34.7946186065674,23.5018825531006,54.5359439849854,30.8377876281738,41.2424983978271,50.5172328948975,18.115198135376,357.265563964844,5.44644302129745
"Unstained","Test","test","V6_10-B3_04-R7_06",114,261.284286499023,248.990661621094,300.015090942383,306.564422607422,441.523101806641,717.234558105469,524.840637207031,399.916580200195,353.132583618164,345.395919799805,154.404479980469,138.675659179688,98.3818016052246,132.979278564453,54.2823066711426,9.99764490127563,235.076484680176,285.794052124023,221.079696655273,180.432029724121,208.316513061523,111.267700195312,58.6562156677246,97.5842437744141,33.8275632858276,28.6960754394531,27.502368927002,60.0580043792725,74.2290382385254,26.0873937606812,57.5211791992188,16.8024473190308,17.2678747177124,57.6874980926514,25.1060886383057,0,333.945602416992,26.216775894165
"Unstained","Test","test","V5_10-B3_10-R7_04",112,252.83585357666,208.143501281738,259.112907409668,284.792114257812,741.039337158203,486.547988891602,589.429901123047,420.710433959961,358.309112548828,378.902770996094,169.546669006348,147.312568664551,92.7870903015137,157.916999816895,53.3357124328613,61.4187602996826,321.054580688477,327.999588012695,648.289703369141,208.25341796875,233.691749572754,202.154136657715,119.061695098877,109.241706848145,97.9998931884766,42.112419128418,28.865255355835,0,3.49232578277588,49.4323539733887,58.7222423553467,0,15.0490975379944,50.1149978637695,16.2594714164734,57.0612773895264,206.56143951416,42.4330234527588
"Unstained","Test","test","V8_10-B3_04-R7_06",110,257.255043029785,253.967132568359,276.656494140625,318.213104248047,486.506851196289,449.266647338867,566.669891357422,765.187591552734,346.164169311523,343.789428710938,136.312507629395,126.706924438477,86.8652076721191,114.988739013672,120.217517852783,37.0596752166748,250.277656555176,216.710014343262,230.74845123291,152.795631408691,158.726249694824,147.017837524414,144.184127807617,103.563396453857,9.59620881080627,37.6403045654297,34.561427116394,69.542652130127,42.4214859008789,26.6701612472534,10.4849557876587,12.6098365783691,45.0829811096191,60.0924987792969,62.3228912353516,6.83712935447693,368.695114135742,8.89277982711792
"Unstained","Test","test","V5_10-B3_08-R7_06",102,304.111389160156,233.460052490234,347.323638916016,342.289169311523,732.261199951172,470.229110717773,571.590972900391,452.209381103516,377.754302978516,388.476165771484,171.283767700195,92.5151405334473,92.1654624938965,85.4960479736328,64.8254146575928,60.8651447296143,267.38362121582,287.289352416992,505.415328979492,180.50602722168,183.614944458008,148.381500244141,97.2517051696777,95.3279609680176,52.649471282959,76.3986396789551,23.7981109619141,16.4012451171875,38.5867767333984,64.5500144958496,80.8282928466797,8.32121205329895,2.76543247699738,55.9649982452393,30.5360803604126,0,347.587310791016,31.8786153793335
"Unstained","Test","test","V6_10-B3_00-R7_02",102,199.415710449219,201.831062316895,288.713607788086,283.202178955078,455.866226196289,736.240081787109,553.751983642578,423.467803955078,405.6943359375,333.101348876953,161.811698913574,111.665126800537,94.7501487731934,132.946517944336,76.0213432312012,62.8516464233398,216.215087890625,237.121208190918,0,136.480171203613,171.039604187012,148.71321105957,114.856014251709,107.737518310547,44.1647930145264,1.90064907073975,72.4077625274658,0,34.8547801971436,28.0756568908691,39.115701675415,64.0093250274658,4.18030500411987,0.0974999964237213,7.59588813781738,22.5880870819092,67.3483047485352,15.1700358390808
"Unstained","Test","test","V7_10-B3_02-R7_08",97,231.032379150391,194.917434692383,278.463409423828,293.780090332031,491.839965820312,426.214569091797,754.804382324219,402.901031494141,361.494689941406,362.477203369141,149.324310302734,128.486068725586,67.9871597290039,98.2434463500977,94.0066375732422,75.1614532470703,211.695831298828,266.766021728516,84.8618774414062,222.127105712891,156.892349243164,176.686767578125,57.9118461608887,116.950675964355,54.8354797363281,77.6657409667969,35.6447486877441,24.5162658691406,46.2904357910156,5.27918338775635,41.4204444885254,35.8452224731445,31.2558193206787,68.4449996948242,41.0605049133301,60.4478912353516,504.682159423828,20.6164798736572
"Unstained","Test","test","V6_10-B3_10-R7_04",87,223.298797607422,250.961212158203,279.974670410156,321.620086669922,517.014953613281,725.659362792969,601.344116210938,439.947174072266,385.917297363281,379.591278076172,166.433013916016,118.264106750488,159.072937011719,120.657890319824,62.9975051879883,49.4346122741699,313.510009765625,363.289276123047,641.186889648438,261.047454833984,240.42854309082,185.163604736328,133.16748046875,79.9476318359375,89.3670120239258,71.7029190063477,60.526180267334,47.7998733520508,15.1334114074707,70.0691604614258,18.8274745941162,76.0430755615234,23.0881462097168,58.4349975585938,67.295295715332,25.8788547515869,202.475067138672,56.1260566711426
"Unstained","Test","test","V5_10-B3_00-R7_04",85,237.076263427734,240.206680297852,305.862945556641,275.414764404297,716.427490234375,438.752258300781,544.6220703125,393.428649902344,341.916748046875,306.872894287109,144.735763549805,112.894348144531,67.3328094482422,89.6577911376953,41.5848808288574,40.5116310119629,213.33918762207,271.401550292969,0,134.815322875977,224.484802246094,119.633972167969,83.8158569335938,75.2846450805664,69.3594741821289,44.1248741149902,27.1179637908936,0,1.23258554935455,90.363166809082,25.9689292907715,35.2691383361816,11.576229095459,53.1049995422363,20.2557010650635,8.75408172607422,210.156219482422,39.817497253418
"Unstained","Test","test","V7_10-B3_10-R7_08",85,242.210311889648,191.310333251953,305.534423828125,231.740371704102,500.849975585938,484.060363769531,722.29931640625,473.554718017578,388.372833251953,336.314331054688,156.338226318359,104.936752319336,156.586395263672,57.2158279418945,99.5556411743164,48.1971168518066,295.432952880859,302.205230712891,636.57568359375,202.22297668457,207.343414306641,166.440856933594,139.866790771484,94.0117950439453,105.224838256836,15.205192565918,74.5744018554688,70.4671478271484,81.4876022338867,52.3119087219238,30.7082595825195,26.6278781890869,45.2116050720215,61.879997253418,28.4311962127686,23.2590198516846,478.074645996094,34.1556587219238
"Unstained","Test","test","V8_10-B3_10-R7_04",85,282.307922363281,225.84504699707,272.681274414062,278.789306640625,517.942443847656,519.285278320312,644.662658691406,770.507690429688,415.051910400391,419.196228027344,145.522369384766,74.7237701416016,127.467742919922,113.317489624023,116.202651977539,100.692893981934,259.727020263672,408.747161865234,660.74755859375,235.741836547852,247.988708496094,153.615036010742,114.856018066406,108.903266906738,97.8146362304688,45.0192947387695,75.7625579833984,25.8858909606934,47.3175888061523,24.0648498535156,44.277027130127,28.9322147369385,16.7855319976807,70.1349945068359,0,33.9300537109375,215.440841674805,67.5112762451172
"Unstained","Test","test","V8_10-B3_08-R7_06",83,250.008880615234,249.224456787109,309.476806640625,345.436584472656,484.0224609375,439.813659667969,589.300415039062,728.4658203125,370.719543457031,430.736755371094,147.226684570312,155.140777587891,132.309951782227,144.448669433594,86.8908615112305,95.3521347045898,281.912506103516,329.569702148438,526.6494140625,206.366592407227,222.0146484375,149.63459777832,125.351608276367,126.276649475098,51.8713989257812,92.9454650878906,61.4347686767578,78.9588165283203,27.1168823242188,54.6429748535156,21.4243679046631,39.7497901916504,66.1774444580078,11.7649993896484,0,4.21729469299316,353.394256591797,65.3573150634766
"Unstained","Test","test","V5_10-B3_02-R7_06",79,255.077941894531,243.479797363281,283.522796630859,300.723876953125,756.906188964844,412.947204589844,580.494262695312,429.696228027344,336.740234375,343.133728027344,172.856979370117,85.7867660522461,71.4552230834961,38.6682014465332,125.407470703125,57.250358581543,219.539184570312,202.840866088867,87.9112548828125,212.286041259766,192.073364257812,152.361938476562,112.995094299316,142.371475219727,32.3084716796875,62.6096153259277,0,106.693695068359,37.1145210266113,16.4545974731445,14.7373676300049,70.0902099609375,19.5509643554688,30.6149997711182,29.9564743041992,10.2876434326172,361.997161865234,57.8492240905762
"Unstained","Test","test","V8_10-B3_00-R7_02",74,224.923500061035,248.656669616699,307.965560913086,254.940376281738,446.856216430664,413.710067749023,550.643951416016,721.102020263672,310.990280151367,330.478485107422,171.775390625,99.3729057312012,92.3290481567383,105.71492767334,86.695011138916,47.0898876190186,229.063247680664,230.616539001465,0,229.67440032959,175.493370056152,143.59024810791,76.148868560791,74.1189002990723,24.8241701126099,28.0252561569214,43.1930456161499,3.56102204322815,17.8382520675659,101.881381988525,17.1070327758789,72.0745010375977,1.2219352722168,56.9724979400635,50.9443111419678,0,79.8839416503906,63.6033763885498
"Unstained","Test","test","V6_10-B3_08-R7_06",71,189.310073852539,275.142181396484,306.257202148438,296.700378417969,468.188720703125,694.348327636719,567.73828125,409.583618164062,339.195770263672,385.295959472656,155.748260498047,201.010162353516,100.704750061035,163.717224121094,84.4754104614258,7.8808798789978,245.459594726562,265.345458984375,482.024383544922,161.748794555664,194.169250488281,113.810752868652,106.742401123047,125.298927307129,34.4574279785156,59.031925201416,56.2627868652344,0,47.3175888061523,83.6442031860352,0,31.8766441345215,19.6152763366699,54.2749977111816,40.2673606872559,0,363.963531494141,24.8013172149658
"Unstained","Test","test","V7_10-B3_06-R7_10",70,268.985382080078,206.607139587402,238.711090087891,288.101776123047,457.158096313477,424.887847900391,694.585815429688,411.724639892578,345.235046386719,343.428787231445,186.819259643555,129.974067687988,90.1369705200195,110.400989532471,101.807884216309,27.5505142211914,229.698181152344,233.794105529785,333.423141479492,168.186187744141,213.743370056152,171.232109069824,108.082263946533,101.83358001709,79.3632392883301,114.374355316162,45.5693626403809,10.2721791267395,34.6151123046875,14.0206888914108,60.9296035766602,31.8766431808472,49.9385662078857,58.5974979400635,14.8867211341858,36.9971771240234,608.316192626953,42.3099384307861
"Unstained","Test","test","V7_10-B3_04-R7_10",66,227.717987060547,243.41300201416,337.237716674805,299.945114135742,503.069351196289,478.023696899414,762.509796142578,453.279907226562,356.981811523438,366.116394042969,197.66788482666,95.426456451416,84.7058448791504,80.2856712341309,25.7539024353027,85.8755378723145,240.380088806152,204.747413635254,232.347511291504,171.293891906738,161.196411132812,128.368793487549,73.4319229125977,139.776741027832,75.9174957275391,88.8460273742676,38.999547958374,32.1861610412598,21.0566692352295,33.7319250106812,0,48.9031219482422,32.9600963592529,61.3274974822998,46.3684730529785,21.6296110153198,663.005981445312,33.5710124969482
"Unstained","Test","test","V5_10-B3_06-R7_08",65,231.877212524414,210.414642333984,305.337310791016,258.542053222656,710.266235351562,460.179077148438,565.148193359375,421.780944824219,352.601654052734,408.311431884766,106.192001342773,126.674575805664,114.24983215332,54.0044021606445,62.2141189575195,106.945495605469,258.681243896484,274.691253662109,342.34814453125,187.794342041016,148.883056640625,114.916427612305,112.920654296875,114.619186401367,28.010555267334,70.0631408691406,72.9668960571289,42.1159324645996,93.53955078125,40.9308128356934,0,46.9188346862793,24.3743934631348,42.8999977111816,7.74841594696045,43.8343086242676,483.789428710938,46.6486320495605
"Unstained","Test","test","V5_10-B3_04-R7_08",64,220.471824645996,216.693687438965,280.138931274414,295.240234375,734.646209716797,418.021987915039,543.5537109375,404.003982543945,342.713150024414,354.346389770508,112.583183288574,86.2072868347168,140.522064208984,128.227680206299,100.110542297363,31.295560836792,196.681411743164,239.364189147949,214.571884155273,174.586585998535,191.998512268066,151.993370056152,126.095973968506,104.390701293945,54.353816986084,65.6655616760254,34.6662645339966,41.4653606414795,36.8748512268066,71.9888648986816,27.0401487350464,0,0,47.3524990081787,6.40617084503174,48.6586360931396,481.116394042969,71.6961116790771
"Unstained","Test","test","V5_10-B3_10-R7_06",56,296.182846069336,290.606002807617,306.322906494141,298.355194091797,670.317474365234,435.833435058594,539.992401123047,422.299987792969,361.395126342773,338.838821411133,200.978187561035,35.9062261581421,125.112075805664,131.406341552734,88.9799003601074,47.7737636566162,277.019744873047,281.083755493164,581.649719238281,120.830635070801,201.280303955078,137.140480041504,95.9862823486328,26.9249792098999,83.1053924560547,108.709674835205,3.31985402107239,54.8191947937012,52.5560779571533,56.8369216918945,65.376781463623,64.7134265899658,58.23486328125,1.72249993681908,25.8077173233032,63.0038299560547,323.038375854492,0
"Unstained","Test","test","V8_10-B3_00-R7_04",54,242.567756652832,249.79224395752,225.701232910156,329.537292480469,469.81184387207,449.332992553711,571.558563232422,734.337432861328,303.159118652344,314.675857543945,154.601127624512,117.940628051758,82.6119194030762,149.462425231934,77.0332183837891,118.310897827148,184.654930114746,251.588478088379,0,114.393245697021,194.693222045898,122.619289398193,172.023490905762,97.3210144042969,30.5300230979919,52.7336959838867,2.58599138259888,0,85.4592666625977,93.8254852294922,30.7731819152832,13.2819347381592,30.5162258148193,76.7324981689453,8.69408869743347,80.5439414978027,201.276802062988,10.3697813749313
"Unstained","Test","test","V6_10-B3_00-R7_04",53,253.713195800781,216.159301757812,264.862213134766,268.341217041016,430.359985351562,703.104797363281,551.874206542969,428.852813720703,370.719543457031,342.609161376953,159.025802612305,60.2318840026855,67.0056304931641,30.1480884552002,101.448829650879,12.7657232284546,196.606704711914,163.364288330078,0,211.916076660156,192.747039794922,144.769638061523,94.8325119018555,46.5546417236328,49.8706474304199,64.9202117919922,3.91393303871155,34.1036338806152,26.7060203552246,67.6695327758789,58.0405578613281,23.6834506988525,0,48.4899978637695,33.4341087341309,79.8730087280273,208.681427001953,0
"Unstained","Test","test","V7_10-B3_08-R7_10",53,278.148681640625,179.620620727539,255.203369140625,306.110168457031,465.737487792969,447.973083496094,689.7294921875,377.662963867188,348.885162353516,341.363311767578,148.996551513672,103.060569763184,129.954284667969,84.7423477172852,14.2968435287476,0,276.608917236328,265.794067382812,491.916259765625,179.877090454102,139.601257324219,108.724647521973,129.817810058594,59.79150390625,37.0509986877441,59.4791374206543,0,24.3793048858643,45.742618560791,37.0228462219238,32.006706237793,32.9648017883301,6.3669261932373,0,0,41.725658416748,598.084899902344,60.3108940124512
"Unstained","Test","test","V8_10-B3_10-R7_06",50,284.225067138672,171.003646850586,264.895050048828,244.297584533691,451.758728027344,437.757202148438,550.935333251953,649.637390136719,362.589721679688,385.49267578125,113.631996154785,114.932270050049,120.368022918701,99.1282234191895,76.249828338623,94.1146430969238,330.167785644531,354.728530883789,593.252227783203,176.769371032715,203.750465393066,139.941528320312,135.363357543945,121.237617492676,29.0850353240967,128.87145614624,20.1986904144287,80.9447708129883,0,88.7177085876465,76.6083450317383,34.4050121307373,6.91358137130737,29.7374982833862,50.4867286682129,0.351441234350204,319.167068481445,9.69282245635986
"Unstained","Test","test","V6_10-B3_02-R7_06",49,252.153472900391,215.892105102539,293.115936279297,271.196594238281,456.462463378906,698.195861816406,492.044158935547,405.561096191406,300.438110351562,366.149200439453,155.354965209961,130.556335449219,125.897300720215,123.607162475586,42.8905296325684,58.6832466125488,199.744049072266,209.420303344727,71.3256301879883,131.855606079102,158.613967895508,85.2106399536133,89.4730606079102,119.13175201416,79.5855484008789,56.6467971801758,50.0424308776855,1.71202981472015,10.5454540252686,49.0895500183105,58.4300918579102,90.6371994018555,30.8056316375732,73.5799942016602,56.4353141784668,123.004432678223,326.11083984375,4.12329578399658
"Unstained","Test","test","V8_10-B3_02-R7_06",49,286.987060546875,194.583450317383,300.934967041016,285.408630371094,439.634979248047,369.496520996094,591.178161621094,721.523742675781,371.316833496094,277.103607177734,150.045364379883,99.6963882446289,168.102996826172,121.640983581543,84.2795639038086,34.259033203125,234.329498291016,227.962341308594,79.5068817138672,215.985687255859,177.102722167969,171.600662231445,90.3663024902344,24.9695339202881,96.9254150390625,66.0382385253906,39.5586814880371,27.3924770355225,0,24.2019710540771,0,29.5082988739014,3.98736786842346,23.0749988555908,51.1273422241211,1.72525703907013,332.378631591797,14.8930978775024
"Unstained","Test","test","V5_10-B3_08-R7_08",48,239.740768432617,278.047912597656,273.798263549805,256.757438659668,738.190582275391,473.280609130859,584.703094482422,498.338638305664,357.313629150391,340.773162841797,182.6240234375,107.265808105469,134.600177764893,108.729736328125,99.6209259033203,5.99207401275635,268.80290222168,351.850036621094,490.986587524414,217.206573486328,170.403350830078,103.417411804199,153.674812316895,81.0381698608398,67.4698715209961,67.8643493652344,68.388988494873,30.097484588623,0,21.5280981063843,19.0547027587891,41.5740566253662,42.1567687988281,0,16.3204822540283,16.1982460021973,481.177841186523,98.5898475646973
"Unstained","Test","test","V6_10-B3_06-R7_08",48,221.056716918945,199.292724609375,229.249374389648,311.561340332031,450.632461547852,696.305267333984,576.706298828125,523.868667602539,318.456436157227,412.180114746094,145.948448181152,115.514533996582,143.27033996582,141.368324279785,40.3771591186523,73.500602722168,211.21028137207,293.382827758789,355.624069213867,253.315185546875,239.567733764648,139.09383392334,116.679718017578,54.4892387390137,76.658519744873,0,0,0,31.3966932296753,17.07164478302,15.6787414550781,3.68053603172302,58.4599552154541,57.5899963378906,0,2.71568219363689,472.544219970703,79.7273063659668
"Unstained","Test","test","V7_10-B3_00-R7_08",46,241.105514526367,174.877952575684,307.538467407227,272.786514282227,372.888107299805,382.432235717773,685.455871582031,380.517654418945,318.489624023438,313.823425292969,157.911437988281,140.551849365234,119.157474517822,43.7802677154541,71.7127056121826,83.595947265625,205.944030761719,243.102508544922,0,133.668426513672,239.60514831543,111.636257171631,76.4466171264648,55.278938293457,64.3946361541748,69.9886054992676,0,7.0535626411438,64.7107429504395,27.7328519821167,33.5648422241211,56.4242191314697,0,20.4749994277954,49.9986381530762,0,472.974380493164,8.92355060577393
"Unstained","Test","test","V8_10-B3_04-R7_08",44,232.267143249512,295.883056640625,306.585723876953,283.039947509766,419.826217651367,458.454315185547,530.797698974609,686.034729003906,344.936416625977,333.724258422852,218.70964050293,126.642227172852,178.703491210938,98.0468254089355,111.796092987061,59.2042980194092,199.744049072266,153.831588745117,216.654388427734,182.947799682617,203.862747192383,116.943496704102,173.996070861816,10.3412981033325,79.5855484008789,67.9761543273926,146.388084411621,93.9904365539551,55.9799270629883,82.5815124511719,18.2431735992432,5.63282060623169,0,143.779998779297,30.3225421905518,12.300443649292,463.265411376953,31.2631978988647
"Unstained","Test","test","V7_10-B3_02-R7_10",41,208.026611328125,241.676254272461,283.654205322266,217.593246459961,510.456207275391,436.762145996094,712.586608886719,429.501586914062,300.769958496094,338.609313964844,122.514106750488,107.459892272949,33.4373817443848,85.2666625976562,40.5403633117676,54.0589294433594,201.76091003418,198.803497314453,89.3243789672852,116.169075012207,147.385986328125,96.6359405517578,46.374137878418,50.6159515380859,93.1462097167969,47.1062812805176,51.999397277832,0,31.8417930603027,13.5064821243286,49.5357360839844,16.4503955841064,34.085563659668,106.729995727539,0,11.9490022659302,637.043701171875,0
"Unstained","Test","test","V6_10-B3_10-R7_06",40,194.28165435791,148.091827392578,227.606719970703,292.352386474609,489.256225585938,682.805694580078,582.210144042969,426.646911621094,398.228164672852,316.413497924805,150.930297851562,127.256839752197,139.049766540527,128.194919586182,132.882301330566,45.1033821105957,252.219818115234,343.663131713867,610.246917724609,253.611152648926,259.927810668945,139.314975738525,177.047981262207,41.0643529891968,30.9005336761475,19.0810260772705,107.388538360596,75.2608299255371,80.2550163269043,51.7634220123291,0,2.30433559417725,26.5288581848145,33.2149982452393,0.305055737495422,21.8852043151855,341.258041381836,44.6177520751953
"Unstained","Test","test","V6_10-B3_04-R7_08",39,232.332138061523,250.827621459961,219.327728271484,246.53645324707,465.008728027344,738.064331054688,597.329528808594,380.258148193359,367.334869384766,370.149017333984,165.122009277344,160.834014892578,94.8155822753906,72.5520324707031,90.0896987915039,31.9794387817383,201.686218261719,311.401489257812,217.100631713867,156.643264770508,115.797927856445,213.9111328125,184.752197265625,20.8330154418945,4.89073181152344,144.672943115234,73.5959167480469,18.4899215698242,64.5737838745117,103.389724731445,43.8225708007812,98.1262969970703,12.862476348877,55.0549964904785,43.9280281066895,90.2884521484375,508.430541992188,45.8485870361328
"Unstained","Test","test","V8_10-B3_06-R7_08",35,229.537643432617,213.954956054688,214.334045410156,253.220657348633,488.659973144531,456.530548095703,600.372863769531,731.515197753906,325.258941650391,354.280822753906,205.632293701172,90.3154830932617,228.434234619141,145.890533447266,76.5109634399414,99.5856628417969,252.705352783203,241.270736694336,372.693145751953,177.509307861328,185.336563110352,148.381500244141,17.7159633636475,51.7440948486328,145.091720581055,0,7.54829931259155,88.7516250610352,23.8984642028809,65.1327819824219,19.6065425872803,6.78498840332031,29.1978225708008,0,19.4625568389893,10.5432367324829,489.442749023438,77.6656646728516
"Unstained","Test","test","V5_10-B3_00-R7_06",34,166.434295654297,254.434722900391,275.210952758789,265.745407104492,657.431823730469,354.139541625977,519.110137939453,333.999114990234,384.224975585938,281.82470703125,165.220329284668,106.230670928955,138.820747375488,174.858909606934,121.327320098877,77.7015686035156,242.508987426758,257.457626342773,0,158.826065063477,185.598556518555,154.167869567871,182.816833496094,80.6997299194336,50.1300029754639,114.635227203369,42.2844562530518,68.857837677002,89.8417930603027,47.0670070648193,0,36.0052442550659,0,46.442497253418,32.9460220336914,0,323.560684204102,101.205371856689
"Unstained","Test","test","V6_10-B3_02-R7_08",31,205.622055053711,225.911849975586,305.271606445312,290.275756835938,479.848724365234,696.670104980469,526.362243652344,445.786315917969,267.321563720703,348.182708740234,145.194625854492,157.016952514648,73.6800231933594,131.537414550781,40.5403633117676,55.1010284423828,239.633102416992,237.382888793945,104.050628662109,205.330688476562,143.867889404297,102.754005432129,110.017623901367,0,122.194198608398,51.7274703979492,11.4622325897217,2.60228538513184,0,0,114.652824401855,17.5385551452637,0,70.5899963378906,34.1052322387695,8.37069129943848,476.108276367188,0
"Unstained","Test","test","V5_10-B3_02-R7_08",30,252.640892028809,248.055480957031,289.502075195312,307.76496887207,748.624969482422,376.030715942383,521.085052490234,477.123077392578,381.636703491211,334.379974365234,160.500686645508,171.67057800293,75.5776405334473,58.3955383300781,72.0391178131104,27.0620307922363,206.87776184082,210.87825012207,92.2250022888184,111.692497253418,173.434913635254,41.7207813262939,152.930450439453,85.5131301879883,95.9991416931152,13.7517547607422,69.5422039031982,44.8551807403564,77.3105068206787,37.8798542022705,67.6490592956543,14.786153793335,106.533462524414,82.192497253418,14.3376202583313,34.0578508377075,526.281555175781,0
"Unstained","Test","test","V8_10-B3_08-R7_08",29,216.800003051758,265.857238769531,244.230422973633,298.063171386719,511.383728027344,464.159301757812,558.673095703125,753.703918457031,386.580963134766,402.213317871094,121.465293884277,141.684020996094,118.503120422363,87.6260757446289,92.896842956543,30.5465507507324,207.512710571289,275.513671875,506.419403076172,272.960327148438,180.770523071289,135.113403320312,103.16943359375,99.8781356811523,30.9005336761475,88.9205627441406,0,42.4583396911621,108.467529296875,47.7868957519531,30.1888809204102,64.5214004516602,0,33.2150001525879,8.35852718353271,60.1922988891602,521.457763671875,68.7421112060547
"Unstained","Test","test","V7_10-B3_10-R7_10",27,219.659469604492,183.962524414062,240.682281494141,238.55436706543,475.873718261719,417.590789794922,651.137756347656,421.586303710938,340.058502197266,316.315124511719,148.406600952148,83.0695419311523,17.2748889923096,114.038421630859,32.4453468322754,34.5846900939941,268.840240478516,264.747344970703,585.480041503906,218.353469848633,113.776893615723,119.633972167969,97.2889251708984,73.7052536010742,140.349182128906,71.1066360473633,40.8167304992676,40.8832702636719,66.4226684570312,77.4737319946289,0,65.0334701538086,0,32.3050003051758,18.5473899841309,0,585.487854003906,12.4929704666138
"Unstained","Test","test","V5_10-B3_06-R7_10",24,241.04052734375,307.773162841797,221.660293579102,301.470153808594,703.078094482422,436.894821166992,499.976165771484,464.11474609375,350.809768676758,321.954238891602,97.1460189819336,123.051609039307,178.278167724609,134.060684204102,115.843597412109,43.1820125579834,293.602844238281,284.672546386719,357.780944824219,153.017608642578,162.319206237793,150.298011779785,153.600379943848,165.009506225586,60.6524868011475,16.1741509437561,0,77.6919097900391,49.9539546966553,75.7939872741699,67.4542961120605,15.1382048130035,47.7197875976562,57.817497253418,7.35184359550476,120.448497772217,633.541107177734,1.53854322433472
"Unstained","Test","test","V6_10-B3_08-R7_08",24,238.408508300781,223.306709289551,291.407562255859,278.367492675781,473.19059753418,720.451904296875,608.790496826172,466.774810791016,392.022964477539,370.378524780273,161.418395996094,77.6027355194092,180.17578125,147.660095214844,3.26411938667297,13.2542071342468,296.067886352539,188.934349060059,492.102203369141,181.023979187012,242.112739562988,56.9053745269775,121.890293121338,95.7792205810547,77.3995399475098,114.150749206543,0,0,34.4439182281494,53.1346378326416,124.066562652588,53.0317249298096,0,81.8349990844727,23.2757544517517,12.0767984390259,487.47639465332,15.5700569152832
"Unstained","Test","test","V8_10-B3_02-R7_08",24,324.972549438477,159.781532287598,357.113891601562,274.506248474121,523.507476806641,458.719665527344,518.721618652344,678.314056396484,372.743698120117,374.181640625,247.912437438965,135.505569458008,132.113639831543,68.5541305541992,116.365856170654,122.0559425354,199.370559692383,201.53246307373,89.6590690612793,167.742225646973,173.958885192871,106.734432220459,70.1194839477539,34.784366607666,50.6857681274414,0,44.7656097412109,5.23881095647812,14.1062564849854,26.49875831604,0,69.0660591125488,35.4682788848877,0,32.4579315185547,83.9305572509766,453.802230834961,50.3103637695312
"Unstained","Test","test","V5_10-B3_02-R7_10",22,271.259948730469,171.905418395996,301.230667114258,340.537002563477,679.327453613281,364.886108398438,539.798126220703,414.287384033203,298.480316162109,370.116241455078,124.480621337891,134.405738830566,205.924530029297,41.7157793045044,130.793266296387,124.43323135376,236.196968078613,215.476371765137,70.9909400939941,102.665348052979,144.990684509277,110.862285614014,42.4289875030518,86.3028335571289,38.5700902938843,115.194240570068,108.401966094971,64.3038387298584,42.4557237625122,0,21.0997552871704,44.4224700927734,90.5839920043945,82.0624961853027,67.2037830352783,0,590.465209960938,69.4498386383057
"Unstained","Test","test","V6_10-B3_00-R7_06",22,175.045204162598,265.122444152832,219.590545654297,362.114624023438,458.714965820312,682.639862060547,576.641540527344,398.586563110352,322.869766235352,377.132339477539,115.434635162354,61.1376285552979,37.8542537689209,167.813438415527,80.2320556640625,88.6110534667969,243.368026733398,165.943717956543,0,192.270919799805,205.172676086426,127.299980163574,139.792350769043,112.776556015015,13.4865636825562,71.0321006774902,16.4594864845276,0,87.7190017700195,74.4570560455322,0,0,109.491832733154,27.7549991607666,41.243537902832,0,335.082412719727,10.677490234375
"Unstained","Test","test","V8_10-B3_00-R7_06",19,175.792572021484,245.082962036133,216.436645507812,336.545959472656,487.666229248047,439.017608642578,550.125915527344,714.776306152344,269.710723876953,416.835662841797,178.363235473633,61.0729331970215,116.736373901367,100.471778869629,0,0,182.264572143555,113.943786621094,0,153.979522705078,216.475509643555,155.457824707031,119.694404602051,162.377182006836,52.019603729248,90.5603408813477,21.6664142608643,10.4091415405273,126.545448303223,44.4959754943848,93.5530700683594,0,32.156192779541,67.0149993896484,0,0,354.438903808594,66.3419799804688
"Unstained","Test","test","V8_10-B3_06-R7_10",19,170.853469848633,252.697967529297,286.413879394531,255.037719726562,390.808715820312,372.083679199219,461.157836914062,615.381042480469,315.834991455078,375.853698730469,168.202880859375,104.54857635498,15.3772687911987,29.2305374145508,8.16029834747314,0,146.110458374023,340.186492919922,309.548767089844,154.719451904297,205.996063232422,112.04167175293,154.456405639648,124.396408081055,144.498901367188,29.441427230835,10.4837493896484,65.87890625,106.75560760498,96.3279571533203,56.287654876709,8.44923114776611,31.7703170776367,0,30.7496204376221,81.2148742675781,571.78466796875,51.2642593383789
"Unstained","Test","test","V6_10-B3_04-R7_10",17,270.870025634766,220.701583862305,273.995391845703,269.249755859375,462.822479248047,673.5185546875,524.743469238281,445.721435546875,295.659790039062,313.823425292969,57.3567924499512,140.325408935547,156.651840209961,43.0593338012695,0,55.426685333252,159.929702758789,228.635238647461,193.375015258789,170.257995605469,220.293029785156,145.654174804688,171.427993774414,0,21.4154777526855,164.573852539062,38.650089263916,141.893035888672,29.1027145385742,77.3366088867188,116.665420532227,0,121.035903930664,0,0,72.8441848754883,646.199645996094,96.9897613525391
"Unstained","Test","test","V8_10-B3_04-R7_10",17,261.381774902344,209.813461303711,210.391662597656,233.492553710938,362.519989013672,412.947204589844,623.165283203125,757.726440429688,349.416107177734,250.416137695312,104.159934997559,63.1431999206543,79.4383163452148,118.888328552246,29.8993339538574,60.832576751709,330.242492675781,237.756713867188,250.048767089844,102.406372070312,47.0078201293945,157.595458984375,35.4319267272949,135.753036499023,27.9364528656006,120.150833129883,0,18.6268844604492,102.578506469727,9.18715000152588,20.1259212493896,0,16.399658203125,0,0,41.4061660766602,661.561950683594,53.7874717712402
"Unstained","Test","test","V5_10-B3_00-R7_08",16,167.864028930664,75.4486789703369,306.454315185547,105.908794403076,648.289337158203,398.618423461914,493.824813842773,368.579849243164,250.79647064209,375.460296630859,187.605865478516,90.5095672607422,151.318870544434,40.6016120910645,112.579479217529,163.381717681885,235.449981689453,281.233291625977,0,253.907119750977,177.402130126953,171.60066986084,91.4084129333496,187.121086120605,177.955955505371,88.4360847473145,31.4512481689453,0,29.5478143692017,148.468460083008,75.4072818756104,3.74454545974731,25.3390789031982,70.0699977874756,0,102.205501556396,439.976165771484,7.38500761985779
"Unstained","Test","test","V5_10-B3_04-R7_10",15,283.022796630859,269.063537597656,232.731811523438,260.748474121094,719.2099609375,322.330993652344,572.983093261719,386.940704345703,381.138977050781,391.590789794922,178.625427246094,80.6757888793945,43.579833984375,28.4440670013428,24.3503303527832,0,249.418609619141,348.261260986328,258.230010986328,134.741333007812,129.046951293945,147.349548339844,110.315368652344,84.1593627929688,20.2298450469971,0,73.3163528442383,28.5566577911377,0,0,43.2382698059082,27.3319816589355,0,45.7599983215332,0.549100339412689,6.45373916625977,623.709228515625,9.47742652893066
"Unstained","Test","test","V6_10-B3_10-R7_08",15,290.691375732422,140.009231567383,286.610992431641,290.859802246094,489.454986572266,685.061157226562,605.941467285156,472.192230224609,380.873504638672,304.577880859375,99.2436370849609,202.498168945312,51.8246688842773,16.1882133483887,55.2941856384277,53.668140411377,215.356048583984,423.775177001953,585.405639648438,328.529113769531,250.533721923828,187.448669433594,52.1057739257812,49.1117630004883,182.883728027344,0,0,0,0,45.4558258056641,83.2304229736328,17.0264797210693,47.9770393371582,79.2999954223633,0,0,442.987182617188,0
"Unstained","Test","test","V5_10-B3_08-R7_10",14,210.463668823242,285.362335205078,274.35676574707,301.632400512695,700.958099365234,565.555267333984,475.273590087891,492.175079345703,289.885940551758,369.099884033203,253.746444702148,145.339347839355,161.297737121582,84.873420715332,34.3711786270142,33.4123258590698,331.138885498047,314.765975952148,468.190643310547,126.454109191895,240.802803039551,195.372665405273,91.0362319946289,8.72429466247559,84.2910232543945,59.3673324584961,12.7552280426025,20.3731536865234,0,68.9036273956299,68.7852020263672,0,60.1963920593262,66.0399990081787,164.63858795166,19.1375732421875,649.210632324219,19.5702705383301
"Unstained","Test","test","V5_10-B3_10-R7_08",14,288.579261779785,348.720520019531,297.353988647461,320.127487182617,701.753082275391,419.149703979492,565.989990234375,412.697830200195,326.984451293945,399.164245605469,133.19885635376,219.642585754395,46.229959487915,190.162338256836,99.3924369812012,0,431.384399414062,233.009063720703,644.905639648438,222.497077941895,196.302574157715,134.450008392334,59.5122394561768,0,115.265659332275,19.9381811618805,0,14.7576971054077,25.1652889251709,0,51.9378604888916,0.448065280914307,124.508777618408,54.8599967956543,100.119297027588,19.4570646286011,481.730895996094,0.953896820545197
"Unstained","Test","test","V6_10-B3_08-R7_10",14,185.08585357666,306.270202636719,365.097213745117,381.291122436523,458.383712768555,666.287811279297,551.129577636719,523.090118408203,325.22575378418,346.248352050781,206.648323059082,123.989696502686,83.7243194580078,106.534168243408,55.6532373428345,15.2081442922354,280.866729736328,181.19603729248,479.681579589844,161.785781860352,91.1712226867676,197.989433288574,189.441711425781,51.1048126220703,0,58.1747674942017,9.57515716552734,0,91.3140449523926,0,11.7509407997131,0,12.1871964931488,0,3.44713002443314,4.95212650299072,573.658874511719,0
"Unstained","Test","test","V6_10-B3_06-R7_10",11,188.725173950195,232.725280761719,135.617858886719,354.716583251953,403.064971923828,601.808349609375,469.704986572266,398.619018554688,398.858642578125,322.347686767578,86.9201202392578,76.2764663696289,214.038497924805,89.395637512207,45.7629547119141,0,106.445503234863,192.448364257812,315.052520751953,154.127502441406,149.182464599609,79.0188598632812,69.2262420654297,61.4461097717285,33.2717971801758,0,38.2307395935059,8.28622436523438,93.1286849975586,90.1574859619141,42.1345901489258,0,0,63.3099975585938,0,90.0328521728516,519.552856445312,45.2331695556641
"Unstained","Test","test","V7_10-B3_00-R7_10",11,232.982009887695,137.003311157227,304.811645507812,373.601043701172,401.673736572266,421.969024658203,701.902709960938,345.288146972656,248.5400390625,374.017730712891,208.647613525391,37.0060577392578,147.098297119141,117.905242919922,87.9353790283203,29.8301086425781,228.801803588867,246.280075073242,0,183.428756713867,180.321411132812,83.6626968383789,128.626831054688,46.7802696228027,0,86.3118286132812,0,0,120.998817443848,0,155.164352416992,5.0567364692688,0,0,81.571907043457,211.823211669922,614.061706542969,19.8164367675781
"Unstained","Test","test","V8_10-B3_10-R7_08",11,236.686325073242,302.863494873047,257.963043212891,434.213073730469,408.828735351562,373.808441162109,385.139953613281,599.290954589844,364.879333496094,324.183654785156,133.854354858398,154.946685791016,139.704116821289,142.285873413086,0,101.539604187012,120.040649414062,315.139801025391,549.854431152344,128.303939819336,93.3419647216797,171.969223022461,193.237991333008,62.4238357543945,71.6566314697266,141.840591430664,39.9780311584473,14.1071252822876,0,29.3440322875977,0,95.5019073486328,98.2693252563477,85.0849990844727,80.8397750854492,158.340255737305,413.430114746094,153.054275512695
"Unstained","Test","test","V8_10-B3_08-R7_10",10,240.975540161133,255.436698913574,300.179351806641,261.624572753906,463.849349975586,365.71533203125,513.573913574219,656.255065917969,311.023468017578,409.131057739258,176.167282104492,147.506652832031,3.01001858711243,26.7072734832764,0,49.9882278442383,284.67635345459,376.522903442383,427.916595458984,150.501846313477,195.479179382324,73.6379127502441,134.060710906982,112.588531494141,54.90958070755,0,0,0,80.8370685577393,11.7924613952637,42.36181640625,29.4762935638428,115.151321411133,53.1374979019165,24.4959774017334,64.0581531524658,555.439178466797,107.082607269287
"Unstained","Test","test","V6_10-B3_00-R7_08",8,0.51990407705307,220.20059967041,213.184181213379,266.426803588867,548.54997253418,720.717254638672,623.909912109375,437.287124633789,386.979156494141,396.475830078125,89.9354496002197,69.192268371582,310.915283203125,70.0943031311035,133.992107391357,76.5292072296143,220.921096801758,250.766052246094,0,98.1147766113281,169.542541503906,11.4253025054932,42.8756093978882,68.5910110473633,19.3035717010498,72.411003112793,4.68274116516113,0,22.2207775115967,30.4067258834839,41.0958309173584,28.2281126976013,27.4935436248779,26.1949987411499,30.9326524734497,0,487.568557739258,98.3436813354492
"Unstained","Test","test","V8_10-B3_00-R7_08",8,129.618583679199,278.615707397461,398.508880615234,215.451705932617,427.312469482422,462.965225219727,503.051864624023,634.390747070312,396.336730957031,260.514106750488,80.2667284011841,171.120658874512,99.0361557006836,109.057434082031,0,0,99.5358810424805,168.672691345215,0,176.177429199219,105.805027008057,109.388053894043,86.1234016418457,216.753601074219,108.707633972168,0,29.6340637207031,0,26.1924433708191,95.265266418457,16.9122657775879,6.97701644897461,0,0,42.7383117675781,41.8215074539185,456.936141967773,87.389253616333
"Unstained","Test","test","V8_10-B3_02-R7_10",8,267.815582275391,177.850471496582,215.812423706055,378.500625610352,271.724365234375,366.544540405273,535.751174926758,704.136077880859,195.181915283203,318.83960723877,150.47144317627,3.36418700218201,79.2092943191528,180.364219665527,33.9142007827759,30.7419452667236,348.394256591797,365.382720947266,77.2012557983398,71.6252675056458,280.774429321289,152.951622009277,76.893235206604,237.360984802246,92.0346832275391,46.3236618041992,109.660018920898,113.199407577515,135.584411621094,69.2464294433594,55.9305820465088,190.971817016602,106.24405670166,0,104.085021972656,0,616.550384521484,0
"Unstained","Test","test","V6_10-B3_02-R7_10",7,181.901443481445,318.227111816406,250.669647216797,173.659271240234,580.813720703125,675.110656738281,557.054321289062,334.518157958984,201.088470458984,356.444671630859,132.150039672852,13.0038766860962,233.276443481445,0,0,150.322906494141,195.262130737305,234.915603637695,70.358757019043,142.510604858398,371.870788574219,155.826370239258,121.406455993652,0,154.65087890625,57.8393592834473,125.595314025879,0,0,89.1290740966797,10.7771062850952,68.9380416870117,0,0,51.3103790283203,0,633.786865234375,60.9263114929199
"Unstained","Test","test","V5_10-B3_00-R7_10",5,269.310302734375,106.409690856934,340.424468994141,354.067626953125,666.01123046875,328.964691162109,435.192626953125,373.96484375,416.644683837891,382.214111328125,0,276.639678955078,156.455535888672,161.947662353516,72.3981704711914,140.16242980957,238.512619018555,261.009033203125,0,144.064453125,172.386962890625,193.198165893555,67.5886306762695,0,117.081161499023,0,0,70.5356292724609,0,198.757827758789,0,98.3823318481445,0,0,37.2168006896973,0,539.46240234375,0
"Unstained","Test","test","V6_10-B3_10-R7_10",5,172.413192749023,171.337631225586,303.234710693359,213.050598144531,442.086212158203,721.347473144531,580.494262695312,152.142181396484,479.161285400391,476.308685302734,142.83479309082,143.301422119141,211.22477722168,155.524810791016,0,62.2654647827148,361.317108154297,369.7939453125,649.3681640625,166.114379882812,160.635009765625,113.737037658691,131.604293823242,0,65.3579635620117,95.8523406982422,91.6279678344727,0,0,0,0,0,0,0,25.2586154937744,44.0260009765625,638.395568847656,20.0010623931885
"Unstained","Test","test","V5_10-B3_10-R7_10",4,161.852638244629,186.7346534729,238.054016113281,369.35041809082,704.038726806641,458.056289672852,551.064834594727,566.786392211914,61.6206722259521,453.916152954102,177.347190856934,170.053176879883,79.3728790283203,233.647682189941,152.075325012207,95.2544403076172,101.478042602539,362.466857910156,643.418151855469,249.356552124023,70.7362937927246,84.8052291870117,0,27.301025390625,49.3519306182861,96.1132187843323,112.66535949707,0,195.638717651367,171.127822875977,44.5042531490326,0,0,67.1774959564209,3.53864669799805,127.700965881348,640.669219970703,0
"Unstained","Test","test","V8_10-B3_00-R7_10",4,315.224334716797,207.442115783691,477.586441040039,185.243041992188,373.186233520508,410.459564208984,456.81950378418,652.037902832031,302.628189086914,111.569274902344,36.5116958618164,267.388153076172,223.232131958008,221.948905944824,0,131.499973297119,131.61893081665,213.270774841309,0,83.9081115722656,113.514907836914,118.159736633301,23.3359432220459,113.378227233887,116.228988647461,43.752197265625,0,0,14.1062564849854,85.0496997833252,45.1210174560547,0,147.14673614502,128.212497711182,0,21.9491024017334,632.865142822266,0
"Unstained","Test","test","V8_10-B3_10-R7_10",4,212.54328918457,121.0719165802,141.202896118164,307.829879760742,443.576858520508,548.539840698242,506.548416137695,613.856384277344,185.72477722168,227.269529342651,121.137542724609,0,147.818084716797,41.2570037841797,50.5285682678223,149.997245788574,278.32698059082,443.84992980957,561.977523803711,213.580909729004,287.211807250977,172.006084442139,260.640525817871,28.5795871019363,49.3889808654785,213.878921508789,0,108.713890075684,73.8524188995361,118.061737060547,68.9150476455688,25.9557800292969,96.8866081237793,0,0,153.164480209351,516.787658691406,0
"Unstained","Test","test","V6_10-B3_00-R7_10",3,229.927581787109,358.840454101562,335.036560058594,543.820861816406,505.951232910156,665.956115722656,486.087036132812,503.074829101562,334.483795166016,39.4082489013672,269.478576660156,42.6345977783203,0,418.992889404297,85.9769058227539,71.9048919677734,219.763275146484,61.9064674377441,0,187.720352172852,181.219650268555,289.760406494141,53.2223281860352,145.003799438477,0,0,241.335906982422,0,0,0,0,131.347137451172,0,112.189994812012,0,143.132431030273,542.903564453125,172.132217407227
